"PlayerId","Name","FirstName","LastName","PositionId","TeamId","Active","InjuryStatus","StandardRank","PPRRank","SuperflexRank","ADP","ProjectedFPTS","ProjectedPA","ProjectedPC","ProjectedPY","EligibleSlots"
"4685266","Jaishawn Barham","Jaishawn","Barham","11","6","True","ACTIVE","782","782","782","170.15","16.91232424",,,,"10|15|20|21"
"4685261","Germie Bernard","Germie","Bernard","3","23","True","ACTIVE","286","286","314","171.26","176.82737816",,,,"25|3|4|5|23|7|20|21"
"4050373","Quez Watkins","Quez","Watkins","3","21","True","ACTIVE","1409","1409","1409","169.98",,,,,"3|4|5|23|7|20|21"
"4242899","DJ Davidson","DJ","Davidson","9","28","True","ACTIVE","2156","2151","2151","170.0",,,,,"8|11|15|20|21"
"4869579","Chris Johnson","Chris","Johnson","12","15","True","ACTIVE","804","804","804","170.2","111.50997077",,,,"25|12|14|15|20|21"
"4361689","Solomon Byrd","Solomon","Byrd","10","34","True","ACTIVE","2398","2393","2393","169.97",,,,,"9|11|15|20|21"
"4431321","Dru Phillips","Dru","Phillips","12","19","True","QUESTIONABLE","676","676","676","171.84","131.0257242",,,,"12|14|15|20|21"
"3923392","Mitchell Wilcox","Mitchell","Wilcox","4","0","True","ACTIVE","2106","2101","2101","169.99",,,,,"5|6|23|7|20|21"
"3915189","Roquan Smith","Roquan","Smith","11","33","True","ACTIVE","250","250","261","156.57","153.00279643",,,,"10|15|20|21"
"4369886","Chris Blair","Chris","Blair","3","1","True","ACTIVE","1517","1522","1522","169.99",,,,,"3|4|5|23|7|20|21"
"4431325","Taylen Green","Taylen","Green","1","5","True","ACTIVE","1638","1637","1637","169.99",,,,,"25|0|7|20|21"
"3124679","Jason Sanders","Jason","Sanders","5","20","True","ACTIVE","504","504","504","169.84","152.2393196",,,,"17|20|21"
"4574689","Trey Amos","Trey","Amos","12","28","True","QUESTIONABLE","883","883","883","170.16","80.3238043",,,,"12|14|15|20|21"
"4685279","Jaydon Blue","Jaydon","Blue","2","6","True","ACTIVE","340","340","324","170.52","67.43072599",,,,"2|3|23|7|20|21"
"4685278","Luther Burden III","Luther","Burden III","3","3","True","QUESTIONABLE","54","54","88","76.93","249.73878222",,,,"3|4|5|23|7|20|21"
"4259300","Tre Avery","Tre","Avery","12","5","True","ACTIVE","2203","2199","2199","170.0",,,,,"12|14|15|20|21"
"4427238","Dillon Gabriel","Dillon","Gabriel","1","5","True","ACTIVE","1570","1570","1570","169.98",,,,,"0|7|20|21"
"4685287","Jihaad Campbell","Jihaad","Campbell","11","21","True","ACTIVE","578","578","578","173.12","134.60243653",,,,"10|15|20|21"
"4259305","Bo Melton","Bo","Melton","3","9","True","ACTIVE","1199","1199","1199","169.97","42.84189226",,,,"3|4|5|23|7|20|21"
"4259308","Raheem Blackshear","Raheem","Blackshear","2","8","True","INJURY_RESERVE","1472","1471","1471","169.99",,,,,"2|3|23|7|20|21"
"4431342","Brennan Presley","Brennan","Presley","3","14","True","ACTIVE","1616","1627","1627","170.0",,,,,"3|4|5|23|7|20|21"
"4361707","Chad Muma","Chad","Muma","11","17","True","ACTIVE","1262","1262","1262","169.98","7.53591009",,,,"10|15|20|21"
"4427250","Sauce Gardner","Sauce","Gardner","12","11","True","QUESTIONABLE","715","715","715","170.89","126.57603683",,,,"12|14|15|20|21"
"15795","DeAndre Hopkins","DeAndre","Hopkins","3","0","True","ACTIVE","1932","1929","1929","169.96",,,,,"3|4|5|23|7|20|21"
"4685305","Brandon Cleveland","Brandon","Cleveland","9","13","True","ACTIVE","2589","2606","2606","170.03",,,,,"25|8|11|15|20|21"
"3128720","Nick Chubb","Nick","Chubb","2","0","True","ACTIVE","1902","1902","1902","169.85",,,,,"2|3|23|7|20|21"
"4251125","Winston Reid","Winston","Reid","11","5","True","ACTIVE","776","776","776","169.94","18.03588449",,,,"10|15|20|21"
"3116431","Ty Summers","Ty","Summers","11","0","True","QUESTIONABLE","1841","1841","1841","170.0",,,,,"10|15|20|21"
"4431353","Xavier Restrepo","Xavier","Restrepo","3","10","True","ACTIVE","1595","1594","1594","170.0",,,,,"3|4|5|23|7|20|21"
"3128715","Lorenzo Carter","Lorenzo","Carter","10","0","True","ACTIVE","1771","1771","1771","170.0",,,,,"9|11|15|20|21"
"4042141","Trysten Hill","Trysten","Hill","9","0","True","ACTIVE","1832","1832","1832","170.0",,,,,"8|11|15|20|21"
"4259324","Travis Vokolek","Travis","Vokolek","4","0","True","ACTIVE","2321","2334","2334","169.99",,,,,"5|6|23|7|20|21"
"15807","Cordarrelle Patterson","Cordarrelle","Patterson","2","0","True","ACTIVE","1855","1855","1855","169.99",,,,,"2|3|23|7|20|21"
"3042725","Duke Riley","Duke","Riley","11","0","True","ACTIVE","1714","1714","1714","170.0",,,,,"10|15|20|21"
"4574716","Harrison Mevis","Harrison","Mevis","5","14","True","ACTIVE","243","243","254","132.19","180.06674564",,,,"17|20|21"
"2977187","Cooper Kupp","Cooper","Kupp","3","26","True","ACTIVE","322","322","348","168.83","123.16064465",,,,"3|4|5|23|7|20|21"
"5082630","Jalen Royals","Jalen","Royals","3","12","True","ACTIVE","1147","1147","1147","169.97","21.18093081",,,,"3|4|5|23|7|20|21"
"3050916","Mike Ford Jr.","Mike","Ford Jr.","12","1","True","ACTIVE","1750","1750","1750","170.02",,,,,"12|14|15|20|21"
"4685307","Kevin Coleman Jr.","Kevin","Coleman Jr.","3","15","True","ACTIVE","1044","1044","1044","169.98","39.67037648",,,,"25|3|4|5|23|7|20|21"
"3116449","L.J. Collier","L.J.","Collier","9","22","True","ACTIVE","1101","1101","1101","170.0","20.48114181",,,,"8|11|15|20|21"
"3042717","Tre'Davious White","Tre'Davious","White","12","0","True","ACTIVE","1743","1743","1743","170.0",,,,,"12|14|15|20|21"
"15818","Keenan Allen","Keenan","Allen","3","11","True","ACTIVE","213","213","284","167.29","151.82518928",,,,"3|4|5|23|7|20|21"
"4685315","Dani Dennis-Sutton","Dani","Dennis-Sutton","10","9","True","QUESTIONABLE","1112","1112","1112","169.98","20.07986304",,,,"9|11|15|20|21"
"4877824","Zach Horton","Zach","Horton","4","8","True","ACTIVE","1611","1621","1621","170.0",,,,,"5|6|23|7|20|21"
"3886598","Jauan Jennings","Jauan","Jennings","3","16","True","ACTIVE","287","287","331","170.84","138.83998802",,,,"3|4|5|23|7|20|21"
"4685201","Tanner McKee","Tanner","McKee","1","21","True","ACTIVE","1233","1233","1233","169.96","11.38829616","21.64726746","13.68796356","153.040781","0|7|20|21"
"4869523","Nick Emmanwori","Nick","Emmanwori","12","26","True","QUESTIONABLE","122","123","128","118.95","185.84865265",,,,"12|14|15|20|21"
"3886601","Shy Tuttle","Shy","Tuttle","9","28","True","ACTIVE","1955","1951","1951","169.98",,,,,"8|11|15|20|21"
"15835","Zach Ertz","Zach","Ertz","4","0","True","QUESTIONABLE","1935","1932","1932","169.97",,,,,"5|6|23|7|20|21"
"4591008","Omarr Norman-Lott","Omarr","Norman-Lott","9","12","True","OUT","1092","1092","1092","169.99","22.34057706",,,,"8|11|15|20|21"
"15841","Johnathan Hankins","Johnathan","Hankins","9","0","True","QUESTIONABLE","1828","1828","1828","170.0",,,,,"8|11|15|20|21"
"4431268","Chimere Dike","Chimere","Dike","3","10","True","ACTIVE","1016","1016","1016","170.05","251.85321055",,,,"3|4|5|23|7|20|21"
"15846","John Jenkins","John","Jenkins","9","33","True","ACTIVE","1004","1004","1004","170.0","35.33240483",,,,"8|11|15|20|21"
"15847","Travis Kelce","Travis","Kelce","4","12","True","ACTIVE","127","127","149","97.14","253.22098263",,,,"5|6|23|7|20|21"
"15851","Tyrann Mathieu","Tyrann","Mathieu","13","18","True",,"1842","1842","1842","170.0",,,,,"13|14|15|20|21"
"4369835","Alontae Taylor","Alontae","Taylor","12","10","True","ACTIVE","568","568","568","175.66","140.53115356",,,,"12|14|15|20|21"
"4570546","Swayze Bozeman","Swayze","Bozeman","11","4","True","ACTIVE","2467","2456","2456","170.0",,,,,"10|15|20|21"
"4685232","Jaden Hicks","Jaden","Hicks","13","12","True","ACTIVE","924","924","924","169.97","57.72177429",,,,"13|14|15|20|21"
"4431280","Troy Franklin","Troy","Franklin","3","7","True","ACTIVE","977","977","977","170.23","60.15324861",,,,"3|4|5|23|7|20|21"
"3915239","Josh Hines-Allen","Josh","Hines-Allen","10","30","True","ACTIVE","367","367","372","174.54","119.70009922",,,,"9|11|15|20|21"
"4259252","James Pierre","James","Pierre","12","16","True","ACTIVE","827","827","827","170.24","116.69057074",,,,"12|14|15|20|21"
"4361653","Devin Leary","Devin","Leary","1","0","True","ACTIVE","2397","2392","2392","169.97",,,,,"0|7|20|21"
"4427190","AJ Finley","AJ","Finley","13","26","True","ACTIVE","2338","2338","2338","170.0",,,,,"13|14|15|20|21"
"4361651","Tanner Ingle","Tanner","Ingle","13","14","True","ACTIVE","2579","2574","2574","169.98",,,,,"13|14|15|20|21"
"4361652","Payton Wilson","Payton","Wilson","11","23","True","ACTIVE","653","653","653","170.64","71.68069829",,,,"10|15|20|21"
"15863","Darius Slay","Darius","Slay","12","2","True",,"1664","1664","1664","170.0",,,,,"12|14|15|20|21"
"3120590","Easton Stick","Easton","Stick","1","11","True","ACTIVE","1383","1383","1383","169.99",,,,,"0|7|20|21"
"4689334","Malik Heath","Malik","Heath","3","0","True","ACTIVE","2288","2283","2283","170.0",,,,,"3|4|5|23|7|20|21"
"15864","Geno Smith","Geno","Smith","1","20","True","ACTIVE","379","379","200","170.21","273.11827911","530.5310407","361.1825632","3815.300669","0|7|20|21"
"4689333","Tyrus Wheat","Tyrus","Wheat","9","6","True","ACTIVE","1184","1184","1184","169.98","12.65447467",,,,"8|11|15|20|21"
"4361662","Alim McNeill","Alim","McNeill","9","8","True","ACTIVE","824","824","824","170.29","68.60282336",,,,"8|11|15|20|21"
"4685248","David Bailey","David","Bailey","10","20","True","ACTIVE","449","449","449","174.26","116.91040034",,,,"9|11|15|20|21"
"4570561","Eric Gray","Eric","Gray","2","19","True","ACTIVE","1493","1492","1492","169.99",,,,,"2|3|23|7|20|21"
"4685247","Braelon Allen","Braelon","Allen","2","20","True","ACTIVE","260","260","290","170.75","81.09159719",,,,"2|3|23|7|20|21"
"4361665","Christopher Dunn","Christopher","Dunn","5","0","True","ACTIVE","2218","2213","2213","169.98",,,,,"17|20|21"
"4685246","Kaytron Allen","Kaytron","Allen","2","28","True","ACTIVE","342","342","325","170.42","16.41074897",,,,"25|2|3|23|7|20|21"
"4373956","Jonah Laulu","Jonah","Laulu","9","13","True","ACTIVE","720","720","720","171.07","74.44604897",,,,"8|11|15|20|21"
"4431299","Rome Odunze","Rome","Odunze","3","3","True","ACTIVE","45","49","85","64.69","256.82984056",,,,"3|4|5|23|7|20|21"
"3124702","Nik Needham","Nik","Needham","12","0","True","ACTIVE","1959","1955","1955","170.0",,,,,"12|14|15|20|21"
"15880","Robert Woods","Robert","Woods","3","0","True",,"1939","1936","1936","170.0",,,,,"3|4|5|23|7|20|21"
"4218312","Kenny Moore II","Kenny","Moore II","12","0","True","ACTIVE","1723","1723","1723","169.93","0.0",,,,"12|14|15|20|21"
"4369863","Cedric Tillman","Cedric","Tillman","3","5","True","QUESTIONABLE","1292","1292","1292","169.98","7.85575384",,,,"3|4|5|23|7|20|21"
"4431442","Tuli Tuipulotu","Tuli","Tuipulotu","10","24","True","ACTIVE","196","196","204","165.6","152.72809958",,,,"9|11|15|20|21"
"3894856","Anthony Nelson","Anthony","Nelson","10","27","True","ACTIVE","990","990","990","169.97","41.1825777",,,,"9|11|15|20|21"
"4685402","Domani Jackson","Domani","Jackson","12","9","True","ACTIVE","2615","2601","2601","169.97",,,,,"25|12|14|15|20|21"
"3116593","Dalvin Cook","Dalvin","Cook","2","0","True","ACTIVE","1901","1901","1901","169.95",,,,,"2|3|23|7|20|21"
"4685400","Shemar James","Shemar","James","11","6","True","ACTIVE","761","761","761","169.99","19.75840707",,,,"10|15|20|21"
"4832846","Demond Claiborne","Demond","Claiborne","2","16","True","ACTIVE","344","344","327","170.39","17.52341336",,,,"25|2|3|23|7|20|21"
"5123663","Isaac TeSlaa","Isaac","TeSlaa","3","8","True","ACTIVE","357","357","381","170.25","86.72438425",,,,"3|4|5|23|7|20|21"
"4685397","Jordan James","Jordan","James","2","25","True","QUESTIONABLE","306","306","315","170.86","29.94037758",,,,"2|3|23|7|20|21"
"4431453","Deuce Vaughn","Deuce","Vaughn","2","34","True","ACTIVE","2210","2205","2205","169.99",,,,,"2|3|23|7|20|21"
"4427356","Kamal Hadden","Kamal","Hadden","12","9","True","ACTIVE","2383","2378","2378","169.99",,,,,"12|14|15|20|21"
"4431452","Drake Maye","Drake","Maye","1","17","True","ACTIVE","60","60","13","47.33","373.41712314","519.5783008","355.0024824","4096.10591","0|7|20|21"
"4685408","Will Johnson","Will","Johnson","12","22","True","ACTIVE","706","706","706","171.04","129.22182881",,,,"12|14|15|20|21"
"4820584","Robert Spears-Jennings","Robert","Spears-Jennings","13","23","True","ACTIVE","2603","2605","2605","169.96",,,,,"25|13|14|15|20|21"
"4361823","Ryan Wright","Ryan","Wright","7","18","True","ACTIVE","531","531","531","178.81","246.01953108",,,,"18|20|21"
"4709980","Johnathan Baldwin II","Johnathan","Baldwin II","13","9","True","INJURY_RESERVE","2543","2581","2581","169.96","0.0",,,,"13|14|15|20|21"
"4361824","Tanner McCalister","Tanner","McCalister","12","12","True","ACTIVE","2313","2307","2307","170.0",,,,,"12|14|15|20|21"
"4427366","Breece Hall","Breece","Hall","2","20","True","QUESTIONABLE","23","23","56","33.58","298.20224672",,,,"2|3|23|7|20|21"
"4820574","Chris McClellan","Chris","McClellan","9","9","True","ACTIVE","1159","1159","1159","170.02","15.08506434",,,,"25|8|11|15|20|21"
"4431459","Tyler Warren","Tyler","Warren","4","11","True","QUESTIONABLE","51","51","81","50.08","298.5017411",,,,"5|6|23|7|20|21"
"4685415","Travis Hunter","Travis","Hunter","3","30","True","ACTIVE","109","109","116","120.77","230.4385997",,,,"3|4|5|23|7|20|21|12|14|15"
"4431466","Jordan Watkins","Jordan","Watkins","3","25","True","ACTIVE","1576","1576","1576","169.99",,,,,"3|4|5|23|7|20|21"
"4361834","Jarrick Bernard-Converse","Jarrick","Bernard-Converse","12","19","True","INJURY_RESERVE","1505","1504","1504","169.97",,,,,"12|14|15|20|21"
"4431465","Behren Morton","Behren","Morton","1","17","True","ACTIVE","1634","1640","1640","169.99",,,,,"25|0|7|20|21"
"4685413","Cade Klubnik","Cade","Klubnik","1","20","True","ACTIVE","1275","1275","1275","169.96","9.73975978","21.79488306","13.12254191","143.4188652","25|0|7|20|21"
"4361835","Jason Taylor II","Jason","Taylor II","13","0","True","ACTIVE","2268","2263","2263","170.0",,,,,"13|14|15|20|21"
"4570738","Ke'Shawn Williams","Ke'Shawn","Williams","3","4","True","ACTIVE","1350","1350","1350","169.98","89.89623126",,,,"3|4|5|23|7|20|21"
"4431467","Marlowe Wax","Marlowe","Wax","11","24","True","ACTIVE","2519","2517","2517","170.0",,,,,"10|15|20|21"
"4869748","Zavion Thomas","Zavion","Thomas","3","3","True","ACTIVE","1029","1029","1029","169.95","149.85223903",,,,"25|3|4|5|23|7|20|21"
"15928","Sam Martin","Sam","Martin","7","29","True","ACTIVE","527","527","527","173.87","270.67054977",,,,"18|20|21"
"3915297","Will Harris","Will","Harris","13","28","True","ACTIVE","823","823","823","170.04","94.90018196",,,,"13|14|15|20|21"
"4431479","Ricky White III","Ricky","White III","3","26","True","ACTIVE","1582","1582","1582","169.99",,,,,"3|4|5|23|7|20|21"
"4685441","Kendrick Law","Kendrick","Law","3","8","True","INJURY_RESERVE","1633","1633","1633","170.0",,,,,"25|3|4|5|23|7|20|21"
"4427391","Kenny McIntosh","Kenny","McIntosh","2","0","True","ACTIVE","2237","2232","2232","169.99",,,,,"2|3|23|7|20|21"
"4431487","Savion Williams","Savion","Williams","3","9","True","ACTIVE","395","395","407","170.16","200.71641782",,,,"3|4|5|23|7|20|21"
"4361861","Tyler Lacy","Tyler","Lacy","10","8","True","ACTIVE","2269","2264","2264","169.94","0.0",,,,"9|11|15|20|21"
"4689546","Danny Gray","Danny","Gray","3","21","True","QUESTIONABLE","1448","1447","1447","170.0",,,,,"3|4|5|23|7|20|21"
"4431492","Roman Wilson","Roman","Wilson","3","23","True","ACTIVE","1069","1069","1069","169.96","34.38379441",,,,"3|4|5|23|7|20|21"
"4046353","Stantley Thomas-Oliver III","Stantley","Thomas-Oliver III","12","0","True","ACTIVE","2005","2001","2001","169.97",,,,,"12|14|15|20|21"
"4374148","Viliami Fehoko Jr.","Viliami","Fehoko Jr.","9","0","True","ACTIVE","2236","2231","2231","170.0",,,,,"8|11|15|20|21"
"3915282","Zach Allen","Zach","Allen","9","7","True","ACTIVE","777","777","777","170.45","69.07512932",,,,"8|11|15|20|21"
"4591235","Mitchell Agude","Mitchell","Agude","10","0","True","ACTIVE","2476","2474","2474","170.0",,,,,"9|11|15|20|21"
"3915398","Tommy Townsend","Tommy","Townsend","7","10","True","ACTIVE","523","523","523","140.31","283.40275959",,,,"18|20|21"
"4361741","Brock Purdy","Brock","Purdy","1","25","True","ACTIVE","99","99","43","102.99","346.617767","529.6410461","351.9324135","4180.590012","0|7|20|21"
"4427278","Xavier Gipson","Xavier","Gipson","3","19","True","ACTIVE","1511","1510","1510","170.0",,,,,"3|4|5|23|7|20|21"
"3915396","Darrell Taylor","Darrell","Taylor","10","0","True","ACTIVE","2002","1998","1998","170.0",,,,,"9|11|15|20|21"
"3894915","D.J. Jones","D.J.","Jones","9","7","True","ACTIVE","803","803","803","170.4","64.73564416",,,,"8|11|15|20|21"
"4685327","Daylen Everette","Daylen","Everette","12","23","True","ACTIVE","1306","1306","1306","170.0","7.02503319",,,,"25|12|14|15|20|21"
"4374033","Jermar Jefferson","Jermar","Jefferson","2","16","True","ACTIVE","1425","1424","1424","169.93",,,,,"2|3|23|7|20|21"
"4685324","Caden Curry","Caden","Curry","10","11","True","ACTIVE","2592","2611","2611","169.99",,,,,"9|11|15|20|21"
"4374037","Kitan Oladapo","Kitan","Oladapo","13","9","True","ACTIVE","936","936","936","169.96","48.64221585",,,,"13|14|15|20|21"
"4869645","Caleb Douglas","Caleb","Douglas","3","15","True","ACTIVE","190","190","212","169.35","141.6887817",,,,"25|3|4|5|23|7|20|21"
"4361748","Anthony Johnson Jr.","Anthony","Johnson Jr.","13","3","True","ACTIVE","2266","2261","2261","170.0",,,,,"13|14|15|20|21"
"4374045","Teagan Quitoriano","Teagan","Quitoriano","4","22","True","ACTIVE","1452","1451","1451","169.99",,,,,"5|6|23|7|20|21"
"3894901","Ezekiel Turner","Ezekiel","Turner","11","0","True","ACTIVE","1775","1775","1775","170.0",,,,,"10|15|20|21"
"3915381","John Kelly Jr.","John","Kelly Jr.","2","0","True","ACTIVE","1874","1874","1874","169.99",,,,,"2|3|23|7|20|21"
"15965","Dustin Hopkins","Dustin","Hopkins","5","0","True","ACTIVE","1943","1940","1940","169.97",,,,,"17|20|21"
"4242973","Darnay Holmes","Darnay","Holmes","12","1","True","ACTIVE","1228","1228","1228","169.97","9.4184773",,,,"12|14|15|20|21"
"3116679","M.J. Stewart","M.J.","Stewart","13","34","True","OUT","1753","1753","1753","169.96","0.0",,,,"13|14|15|20|21"
"4242975","Jaelan Phillips","Jaelan","Phillips","10","29","True","QUESTIONABLE","621","621","621","171.32","96.04372255",,,,"9|11|15|20|21"
"4361765","Brayden Narveson","Brayden","Narveson","5","0","True","ACTIVE","2429","2424","2424","169.98",,,,,"17|20|21"
"3915373","Micah Abernathy","Micah","Abernathy","13","0","True","ACTIVE","2204","2200","2200","170.0",,,,,"13|14|15|20|21"
"4697639","Jaylen Watson","Jaylen","Watson","12","14","True","ACTIVE","712","712","712","170.84","110.72188874",,,,"12|14|15|20|21"
"4685350","Trevor Etienne","Trevor","Etienne","2","29","True","ACTIVE","399","399","412","170.02","158.15628728",,,,"2|3|23|7|20|21"
"4832800","Denzel Boston","Denzel","Boston","3","5","True","ACTIVE","183","183","206","165.89","178.01230821",,,,"25|3|4|5|23|7|20|21"
"4259370","Jalen Harris","Jalen","Harris","10","0","True","ACTIVE","2349","2311","2311","170.0",,,,,"9|11|15|20|21"
"4361767","Will McDonald IV","Will","McDonald IV","10","20","True","ACTIVE","624","624","624","170.92","96.51545188",,,,"9|11|15|20|21"
"4697636","Chau Smith-Wade","Chau","Smith-Wade","12","29","True","ACTIVE","855","855","855","170.13","75.65480331",,,,"12|14|15|20|21"
"4685347","Zane Durant","Zane","Durant","9","2","True","ACTIVE","2593","2588","2588","169.99",,,,,"25|8|11|15|20|21"
"15979","Jordan Poyer","Jordan","Poyer","13","0","True","QUESTIONABLE","1666","1666","1666","169.97",,,,,"13|14|15|20|21"
"4570672","Cam Smith","Cam","Smith","12","0","True","ACTIVE","2223","2218","2218","170.0",,,,,"12|14|15|20|21"
"4361777","Zamir White","Zamir","White","2","25","True","ACTIVE","1446","1445","1445","169.98",,,,,"2|3|23|7|20|21"
"4361778","Kearis Jackson","Kearis","Jackson","3","0","True","ACTIVE","2291","2286","2286","169.99",,,,,"3|4|5|23|7|20|21"
"4374066","Dylan Horton","Dylan","Horton","10","34","True","DOUBTFUL","1187","1187","1187","170.0","12.20631414",,,,"9|11|15|20|21"
"4361776","Brenton Cox Jr.","Brenton","Cox Jr.","10","9","True","ACTIVE","798","798","798","170.15","71.03287565",,,,"9|11|15|20|21"
"4431414","Tim Keenan III","Tim","Keenan III","9","14","True","ACTIVE","2602","2596","2596","169.98",,,,,"25|8|11|15|20|21"
"4242996","Arron Mosby","Arron","Mosby","10","9","True","ACTIVE","2188","2183","2183","170.0",,,,,"9|11|15|20|21"
"4685369","Gracen Halton","Gracen","Halton","9","25","True","QUESTIONABLE","1011","1011","1011","170.02","34.57746813",,,,"25|8|11|15|20|21"
"4361779","Divaad Wilson","Divaad","Wilson","12","0","True","QUESTIONABLE","2310","2303","2303","170.0",,,,,"12|14|15|20|21"
"4243003","Ronnie Rivers","Ronnie","Rivers","2","14","True","ACTIVE","1473","1472","1472","169.98",,,,,"2|3|23|7|20|21"
"4570688","Caden Davis","Caden","Davis","5","0","True","ACTIVE","2516","2514","2514","169.88",,,,,"17|20|21"
"4243004","Jordan Mims","Jordan","Mims","2","0","True","ACTIVE","2334","2300","2300","169.99",,,,,"2|3|23|7|20|21"
"4427325","Renardo Green","Renardo","Green","12","25","True","QUESTIONABLE","718","718","718","170.71","116.48736709",,,,"12|14|15|20|21"
"4431426","Corey Thornton","Corey","Thornton","12","29","True","ACTIVE","1135","1135","1135","170.0","20.11673064",,,,"12|14|15|20|21"
"4243009","Mykal Walker","Mykal","Walker","11","20","True","ACTIVE","1992","1989","1989","170.0",,,,,"10|15|20|21"
"4361791","Devonte Wyatt","Devonte","Wyatt","9","9","True","ACTIVE","672","672","672","173.24","84.00106134",,,,"8|11|15|20|21"
"4431424","Bradyn Swinson","Bradyn","Swinson","10","17","True","ACTIVE","1318","1318","1318","169.98","4.59872717",,,,"9|11|15|20|21"
"16002","Kyle Juszczyk","Kyle","Juszczyk","2","25","True","QUESTIONABLE","994","994","994","169.92","53.29532689",,,,"2|3|23|7|20|21"
"4685382","Omarion Hampton","Omarion","Hampton","2","24","True","ACTIVE","21","22","55","25.9","283.06870607",,,,"2|3|23|7|20|21"
"4431433","Kalen King","Kalen","King","12","22","True","ACTIVE","2394","2389","2389","170.0",,,,,"12|14|15|20|21"
"4685381","Emmanuel Henderson Jr.","Emmanuel","Henderson Jr.","3","26","True","ACTIVE","1646","1649","1649","169.99",,,,,"25|3|4|5|23|7|20|21"
"4431431","Corey Kiner","Corey","Kiner","2","22","True","ACTIVE","1597","1597","1597","169.99",,,,,"2|3|23|7|20|21"
"4046536","David Long Jr.","David","Long Jr.","12","0","True","QUESTIONABLE","1864","1864","1864","170.0",,,,,"12|14|15|20|21"
"4685522","Ty Simpson","Ty","Simpson","1","14","True","ACTIVE","476","476","476","169.93","12.4337943","21.85475188","13.51077337","146.3519016","25|0|7|20|21"
"4046537","Joshua Metellus","Joshua","Metellus","13","16","True","ACTIVE","514","514","514","175.43","134.87341368",,,,"13|14|15|20|21"
"4058825","Grover Stewart","Grover","Stewart","9","11","True","ACTIVE","844","844","844","170.1","57.63446847",,,,"8|11|15|20|21"
"3116726","Kentavius Street","Kentavius","Street","9","3","True","ACTIVE","1808","1808","1808","169.97","0.0",,,,"8|11|15|20|21"
"4685518","Kamari Ramsey","Kamari","Ramsey","13","34","True","ACTIVE","1353","1353","1353","169.97","1.29767807",,,,"25|13|14|15|20|21"
"3116724","Germaine Pratt","Germaine","Pratt","11","0","True","ACTIVE","1837","1837","1837","169.97",,,,,"10|15|20|21"
"4366031","Tank Dell","Tank","Dell","3","34","True","QUESTIONABLE","162","162","190","156.67","188.17193892",,,,"3|4|5|23|7|20|21"
"4431567","Maason Smith","Maason","Smith","9","1","True","ACTIVE","1017","1017","1017","170.03","35.33930665",,,,"8|11|15|20|21"
"16019","William Gholston","William","Gholston","9","0","True","ACTIVE","1659","1659","1659","170.0",,,,,"8|11|15|20|21"
"4046528","Josh Uche","Josh","Uche","10","15","True","ACTIVE","882","882","882","170.0","58.65945495",,,,"9|11|15|20|21"
"4431574","Eli Stowers","Eli","Stowers","4","21","True","QUESTIONABLE","469","469","469","169.94","38.94601468",,,,"25|5|6|23|7|20|21"
"4685530","Malaki Starks","Malaki","Starks","13","33","True","ACTIVE","763","763","763","170.4","97.93201718",,,,"13|14|15|20|21"
"4431573","Smael Mondon Jr.","Smael","Mondon Jr.","11","21","True","ACTIVE","1336","1336","1336","169.98","3.43069505",,,,"10|15|20|21"
"3919548","Justin Strnad","Justin","Strnad","11","7","True","ACTIVE","635","635","635","170.48","98.35810534",,,,"10|15|20|21"
"4361939","Andre Cisco","Andre","Cisco","13","20","True","ACTIVE","809","809","809","170.03","88.92182166",,,,"13|14|15|20|21"
"4697815","Rachaad White","Rachaad","White","2","28","True","QUESTIONABLE","150","133","169","136.33","180.87657867",,,,"2|3|23|7|20|21"
"4685526","Adam Randall","Adam","Randall","2","33","True","QUESTIONABLE","345","345","360","170.37","25.63264329",,,,"25|2|3|23|7|20|21"
"4046523","Rashan Gary","Rashan","Gary","10","6","True","ACTIVE","690","690","690","170.48","78.32887344",,,,"9|11|15|20|21"
"4243160","Laviska Shenault Jr.","Laviska","Shenault Jr.","3","0","True","ACTIVE","1979","1976","1976","169.99",,,,,"3|4|5|23|7|20|21"
"4259546","Ameer Speed","Ameer","Speed","12","6","True","ACTIVE","2252","2247","2247","170.0",,,,,"12|14|15|20|21"
"4046525","Khaleke Hudson","Khaleke","Hudson","11","0","True","ACTIVE","1993","1990","1990","170.0",,,,,"10|15|20|21"
"4259545","D'Andre Swift","D'Andre","Swift","2","3","True","ACTIVE","67","65","90","64.83","225.35115566",,,,"2|3|23|7|20|21"
"4427479","Jamal Hill","Jamal","Hill","11","34","True","ACTIVE","2380","2375","2375","170.0",,,,,"10|15|20|21"
"4685523","Ephesians Prysock","Ephesians","Prysock","12","25","True","ACTIVE","1210","1210","1210","169.93","10.8486738",,,,"25|12|14|15|20|21"
"3116746","Justin Jones","Justin","Jones","9","0","True","QUESTIONABLE","1760","1760","1760","170.02",,,,,"8|11|15|20|21"
"4431582","Payton Page","Payton","Page","9","20","True","ACTIVE","1622","1630","1630","170.0",,,,,"8|11|15|20|21"
"4259547","Malik Herring","Malik","Herring","10","10","True","ACTIVE","2184","2179","2179","170.0",,,,,"9|11|15|20|21"
"4431586","Chop Robinson","Chop","Robinson","10","15","True","ACTIVE","579","579","579","172.05","107.54075299",,,,"9|11|15|20|21"
"4259553","Stetson Bennett IV","Stetson","Bennett IV","1","14","True","ACTIVE","1486","1485","1485","169.96","0.0",,,,"0|7|20|21"
"4431590","Jack Sawyer","Jack","Sawyer","10","23","True","ACTIVE","1152","1152","1152","169.99","17.68578696",,,,"9|11|15|20|21"
"3915437","Isaiah Oliver","Isaiah","Oliver","13","22","True","ACTIVE","1776","1776","1776","170.01","0.0",,,,"13|14|15|20|21"
"4427493","Tre Tomlinson","Tre","Tomlinson","12","0","True","ACTIVE","2217","2212","2212","170.0",,,,,"12|14|15|20|21"
"4259558","Robert Beal Jr.","Robert","Beal Jr.","10","15","True","ACTIVE","2253","2248","2248","170.0","0.0",,,,"9|11|15|20|21"
"4431588","Ja'Tavion Sanders","Ja'Tavion","Sanders","4","29","True","ACTIVE","467","467","467","169.92","60.34649096",,,,"5|6|23|7|20|21"
"2985659","Wil Lutz","Wil","Lutz","5","7","True","ACTIVE","489","489","489","169.67","149.58420768",,,,"17|20|21"
"3116733","Bradley Chubb","Bradley","Chubb","10","2","True","ACTIVE","582","582","582","172.21","105.22563223",,,,"9|11|15|20|21"
"4243176","Brady Russell","Brady","Russell","2","26","True","ACTIVE","1516","1518","1518","169.99",,,,,"2|3|23|7|20|21"
"4685540","Carsen Ryan","Carsen","Ryan","4","5","True","QUESTIONABLE","1635","1635","1635","170.0",,,,,"25|5|6|23|7|20|21"
"4259561","Eric Stokes","Eric","Stokes","12","13","True","ACTIVE","837","837","837","170.2","91.29162878",,,,"12|14|15|20|21"
"3124890","Kaden Elliss","Kaden","Elliss","11","18","True","ACTIVE","335","335","340","174.17","157.44606487",,,,"10|15|20|21"
"4431598","Leonard Taylor III","Leonard","Taylor III","9","17","True","ACTIVE","1271","1271","1271","170.05","7.47604961",,,,"8|11|15|20|21"
"4685553","Brenen Thompson","Brenen","Thompson","3","24","True","QUESTIONABLE","1078","1078","1078","169.97","32.19307326",,,,"25|3|4|5|23|7|20|21"
"4243181","Nate Landman","Nate","Landman","11","14","True","ACTIVE","180","179","188","154.62","181.65341877",,,,"10|15|20|21"
"4701936","Matthew Golden","Matthew","Golden","3","9","True","ACTIVE","90","89","119","102.87","238.71306872",,,,"3|4|5|23|7|20|21"
"4239086","Desmond Ridder","Desmond","Ridder","1","0","True","ACTIVE","2126","2121","2121","169.98","0.0",,,,"0|7|20|21"
"4361964","Chamarri Conner","Chamarri","Conner","13","12","True","ACTIVE","348","348","354","174.83","131.64976934",,,,"13|14|15|20|21"
"4239088","Darrick Forrest","Darrick","Forrest","13","25","True","INJURY_RESERVE","2088","2083","2083","170.0",,,,,"13|14|15|20|21"
"4386544","Xavier Smith","Xavier","Smith","3","14","True","ACTIVE","1201","1201","1201","169.96","83.5143366",,,,"3|4|5|23|7|20|21"
"4685562","Shemar Stewart","Shemar","Stewart","10","4","True","QUESTIONABLE","896","896","896","169.99","54.78812384",,,,"9|11|15|20|21"
"3116689","Cole Holcomb","Cole","Holcomb","11","23","True","ACTIVE","737","737","737","170.08","29.54885505",,,,"10|15|20|21"
"3915419","Darnell Savage","Darnell","Savage","13","0","True","ACTIVE","1847","1847","1847","169.94","0.0",,,,"13|14|15|20|21"
"4239094","Coby Bryant","Coby","Bryant","13","3","True","OUT","2140","2135","2135","169.93","0.0",,,,"13|14|15|20|21"
"4431603","Jay Toia","Jay","Toia","9","6","True","ACTIVE","2508","2506","2506","170.0","0.0",,,,"8|11|15|20|21"
"4685555","Nicholas Singleton","Nicholas","Singleton","2","10","True","ACTIVE","343","343","326","170.37","29.21769608",,,,"25|2|3|23|7|20|21"
"4689651","Mac McWilliams","Mac","McWilliams","12","21","True","ACTIVE","2492","2490","2490","170.0",,,,,"12|14|15|20|21"
"3919510","Alex Bachman","Alex","Bachman","3","14","True","ACTIVE","1418","1552","1552","170.0",,,,,"3|4|5|23|7|20|21"
"4374269","Teair Tart","Teair","Tart","9","24","True","ACTIVE","726","726","726","170.82","75.5432945",,,,"8|11|15|20|21"
"4890373","Bauer Sharp","Bauer","Sharp","4","27","True","ACTIVE","1632","1639","1639","170.0",,,,,"25|5|6|23|7|20|21"
"4431613","James Williams Sr.","James","Williams Sr.","11","10","True","ACTIVE","791","791","791","170.0","14.64338276",,,,"10|15|20|21"
"3915411","Ty Johnson","Ty","Johnson","2","2","True","QUESTIONABLE","324","324","322","170.6","123.39860339",,,,"2|3|23|7|20|21"
"4431611","Caleb Williams","Caleb","Williams","1","3","True","ACTIVE","104","104","50","92.36","332.1997725","528.437735","316.5513383","3820.879007","0|7|20|21"
"4833029","Max Klare","Max","Klare","4","14","True","ACTIVE","471","471","471","169.98","12.92437374",,,,"25|5|6|23|7|20|21"
"4382466","Jalen Nailor","Jalen","Nailor","3","13","True","ACTIVE","212","212","271","170.55","151.17826066",,,,"3|4|5|23|7|20|21"
"3915416","DJ Moore","DJ","Moore","3","2","True","ACTIVE","53","53","87","62.85","252.60061786",,,,"3|4|5|23|7|20|21"
"3919512","Jessie Bates III","Jessie","Bates III","13","1","True","ACTIVE","589","589","589","173.23","122.23369073",,,,"13|14|15|20|21"
"4431615","Tyleik Williams","Tyleik","Williams","9","8","True","ACTIVE","973","973","973","169.97","40.30574945",,,,"8|11|15|20|21"
"4689674","Art Green","Art","Green","12","19","True","ACTIVE","1562","1561","1561","170.0",,,,,"12|14|15|20|21"
"4259590","Tariq Castro-Fields","Tariq","Castro-Fields","12","21","True","INJURY_RESERVE","2161","2156","2156","170.0",,,,,"12|14|15|20|21"
"4361988","James Mitchell","James","Mitchell","4","29","True","ACTIVE","1458","1457","1457","169.99",,,,,"5|6|23|7|20|21"
"4259592","Sean Clifford","Sean","Clifford","1","4","True","ACTIVE","1489","1488","1488","169.99",,,,,"0|7|20|21"
"4259594","Yetur Gross-Matos","Yetur","Gross-Matos","9","0","True","ACTIVE","1980","1977","1977","170.0",,,,,"8|11|15|20|21"
"4374280","Edefuan Ulofoshio","Edefuan","Ulofoshio","11","5","True","ACTIVE","2409","2404","2404","169.98",,,,,"10|15|20|21"
"3915525","Dre'Mont Jones","Dre'Mont","Jones","10","17","True","ACTIVE","693","693","693","170.32","78.17084978",,,,"9|11|15|20|21"
"4697745","Tyler Loop","Tyler","Loop","5","33","True","ACTIVE","255","255","266","164.53","160.4718984",,,,"17|20|21"
"4427404","Cam Hart","Cam","Hart","12","24","True","ACTIVE","819","819","819","170.16","110.89027677",,,,"12|14|15|20|21"
"4595343","Kendal Daniels","Kendal","Daniels","11","1","True","ACTIVE","725","725","725","170.04","31.33178659",,,,"10|15|20|21"
"4431506","Ja'Corey Brooks","Ja'Corey","Brooks","3","0","True","QUESTIONABLE","2518","2516","2516","169.94",,,,,"3|4|5|23|7|20|21"
"4595342","Oronde Gadsden","Oronde","Gadsden","4","24","True","ACTIVE","416","416","428","170.08","108.04445853",,,,"5|6|23|7|20|21"
"4427408","Jahfari Harvey","Jahfari","Harvey","10","13","True","ACTIVE","2575","2536","2536","169.97","0.0",,,,"9|11|15|20|21"
"4693644","Ji'Ayir Brown","Ji'Ayir","Brown","13","25","True","ACTIVE","661","661","661","170.48","121.26827637",,,,"13|14|15|20|21"
"4832922","Wesley Williams","Wesley","Williams","10","30","True","ACTIVE","1113","1113","1113","170.0","20.03458096",,,,"9|11|15|20|21"
"4431509","Kaden Prather","Kaden","Prather","3","9","True","ACTIVE","1583","1583","1583","170.0",,,,,"3|4|5|23|7|20|21"
"2580216","DeAndre Carter","DeAndre","Carter","3","0","True","ACTIVE","1792","1792","1792","169.99",,,,,"3|4|5|23|7|20|21"
"4595352","Alijah Clark","Alijah","Clark","13","6","True","ACTIVE","2566","2552","2552","169.99",,,,,"13|14|15|20|21"
"3948283","Stephen Carlson","Stephen","Carlson","4","3","True","ACTIVE","1398","1398","1398","169.99",,,,,"5|6|23|7|20|21"
"4685461","Derrick Moore","Derrick","Moore","10","8","True","QUESTIONABLE","1001","1001","1001","169.97","39.23635687",,,,"9|11|15|20|21"
"3915520","DaVon Hamilton","DaVon","Hamilton","9","30","True","ACTIVE","832","832","832","170.28","60.9078967",,,,"8|11|15|20|21"
"4595348","Malik Nabers","Malik","Nabers","3","19","True","QUESTIONABLE","28","29","62","34.21","298.75162932",,,,"3|4|5|23|7|20|21"
"4431517","Calen Bullock","Calen","Bullock","13","34","True","ACTIVE","748","748","748","170.24","113.49755188",,,,"13|14|15|20|21"
"4677281","Kyonte Hamilton","Kyonte","Hamilton","9","34","True","ACTIVE","2496","2494","2494","170.0","0.0",,,,"8|11|15|20|21"
"4374171","Austin Ajiake","Austin","Ajiake","11","11","True","ACTIVE","665","665","665","170.19","66.59556468",,,,"10|15|20|21"
"4685472","Tetairoa McMillan","Tetairoa","McMillan","3","29","True","ACTIVE","35","33","64","41.54","289.4585437",,,,"3|4|5|23|7|20|21"
"3915507","Jerome Baker","Jerome","Baker","11","0","True","ACTIVE","1710","1710","1710","170.02",,,,,"10|15|20|21"
"3043078","Derrick Henry","Derrick","Henry","2","33","True","ACTIVE","10","19","40","18.9","284.76321218",,,,"2|3|23|7|20|21"
"4697757","Treydan Stukes","Treydan","Stukes","13","13","True","ACTIVE","793","793","793","170.11","102.05548026",,,,"25|13|14|15|20|21"
"4431520","Chaz Chambliss","Chaz","Chambliss","10","16","True","ACTIVE","2562","2548","2548","170.0","0.0",,,,"9|11|15|20|21"
"3915511","Joe Burrow","Joe","Burrow","1","4","True","ACTIVE","81","81","21","58.81","370.75924809","571.889468","387.1590637","4131.899973","0|7|20|21"
"4431519","Barrett Carter","Barrett","Carter","11","4","True","ACTIVE","299","299","308","174.72","145.79878335",,,,"10|15|20|21"
"4259491","Javon Kinlaw","Javon","Kinlaw","9","28","True","ACTIVE","900","900","900","170.0","51.85425299",,,,"8|11|15|20|21"
"4259493","Keisean Nixon","Keisean","Nixon","12","9","True","ACTIVE","601","601","601","175.01","144.67352717",,,,"12|14|15|20|21"
"4685479","Christen Miller","Christen","Miller","9","18","True","QUESTIONABLE","886","886","886","169.99","56.63640349",,,,"25|8|11|15|20|21"
"3886834","Ugo Amadi","Ugo","Amadi","12","19","True","ACTIVE","1862","1862","1862","170.0",,,,,"12|14|15|20|21"
"3915506","Damon Arnette","Damon","Arnette","12","0","True","ACTIVE","1996","2578","2578","169.96",,,,,"12|14|15|20|21"
"4685477","Jam Miller","Jam","Miller","2","17","True","ACTIVE","1637","1641","1641","169.98",,,,,"25|2|3|23|7|20|21"
"4431534","Ethan Downs","Ethan","Downs","10","12","True","INJURY_RESERVE","2547","2549","2549","169.97","0.0",,,,"9|11|15|20|21"
"4431533","Gabriel Rubio","Gabriel","Rubio","9","23","True","ACTIVE","2591","2599","2599","169.96",,,,,"25|8|11|15|20|21"
"4374187","Deven Thompkins","Deven","Thompkins","3","13","True","ACTIVE","1464","1463","1463","170.0","0.0",,,,"3|4|5|23|7|20|21"
"4714157","Thomas Incoom","Thomas","Incoom","10","29","True","ACTIVE","1205","1205","1205","170.0","10.72662146",,,,"9|11|15|20|21"
"4431536","Donovan Edwards","Donovan","Edwards","2","15","True","ACTIVE","1596","1596","1596","169.99",,,,,"2|3|23|7|20|21"
"3915486","Tyler Conklin","Tyler","Conklin","4","8","True","ACTIVE","1247","1247","1247","169.97","11.62466907",,,,"5|6|23|7|20|21"
"4882093","Bhayshul Tuten","Bhayshul","Tuten","2","30","True","ACTIVE","64","64","89","73.21","289.10491759",,,,"2|3|23|7|20|21"
"3886812","Jake Browning","Jake","Browning","1","27","True","ACTIVE","482","482","482","169.98","12.35713836","21.91627509","14.55309327","162.7312225","0|7|20|21"
"5344966","Uar Bernard","Uar","Bernard","9","21","True","ACTIVE","2604","2589","2589","169.93",,,,,"25|8|11|15|20|21"
"3886818","Myles Gaskin","Myles","Gaskin","2","0","True","ACTIVE","1890","1890","1890","169.99",,,,,"2|3|23|7|20|21"
"4431545","Will Shipley","Will","Shipley","2","21","True","ACTIVE","378","378","400","170.12","113.45725227",,,,"2|3|23|7|20|21"
"3116748","B.J. Hill","B.J.","Hill","9","4","True","ACTIVE","741","741","741","171.08","67.29896676",,,,"8|11|15|20|21"
"3915487","Mike Danna","Mike","Danna","10","2","True","ACTIVE","1010","1010","1010","170.0","36.28829582",,,,"9|11|15|20|21"
"4710067","Malachi Lawrence","Malachi","Lawrence","10","6","True","ACTIVE","828","828","828","170.22","68.31812482",,,,"9|11|15|20|21"
"4685504","Sam Roush","Sam","Roush","4","3","True","ACTIVE","1253","1253","1253","169.97","11.24811385",,,,"25|5|6|23|7|20|21"
"4685503","Walter Nolen III","Walter","Nolen III","9","22","True","ACTIVE","714","714","714","171.12","74.50511873",,,,"8|11|15|20|21"
"4382401","Riley Moss","Riley","Moss","12","7","True","QUESTIONABLE","813","813","813","170.49","111.00739146",,,,"12|14|15|20|21"
"4685502","Harold Perkins Jr.","Harold","Perkins Jr.","11","1","True","ACTIVE","2597","2600","2600","169.97","0.0",,,,"25|10|15|20|21"
"3886809","Andre Baccellia","Andre","Baccellia","3","0","True","QUESTIONABLE","2206","2185","2185","170.0","0.0",,,,"3|4|5|23|7|20|21"
"4431551","Lee Hunter","Lee","Hunter","9","29","True","ACTIVE","1008","1008","1008","169.94","36.70887841",,,,"25|8|11|15|20|21"
"4046544","Michael Dwumfour","Michael","Dwumfour","9","0","True","ACTIVE","2113","2108","2108","170.0",,,,,"8|11|15|20|21"
"4832955","Emmett Johnson","Emmett","Johnson","2","12","True","ACTIVE","346","346","361","170.01","49.14057967",,,,"25|2|3|23|7|20|21"
"4685512","Jadarian Price","Jadarian","Price","2","26","True","ACTIVE","68","68","92","76.65","205.44897928",,,,"25|2|3|23|7|20|21"
"4431562","Phil Mafah","Phil","Mafah","2","6","True","QUESTIONABLE","396","396","409","170.16","28.98099442",,,,"2|3|23|7|20|21"
"2973405","Kalif Raymond","Kalif","Raymond","3","3","True","ACTIVE","980","980","980","169.96","90.87530898",,,,"3|4|5|23|7|20|21"
"4423367","Anthony Pittman","Anthony","Pittman","11","0","True","ACTIVE","1970","1966","1966","170.0",,,,,"10|15|20|21"
"16140","Ryan Griffin","Ryan","Griffin","1","0","True","ACTIVE","1860","1860","1860","169.99",,,,,"0|7|20|21"
"4427600","Terrell Jennings","Terrell","Jennings","2","0","True","QUESTIONABLE","2431","2427","2427","169.98",,,,,"2|3|23|7|20|21"
"4693848","Shaun Dolac","Shaun","Dolac","11","14","True","QUESTIONABLE","773","773","773","170.02","17.5782991",,,,"10|15|20|21"
"3043116","Demarcus Robinson","Demarcus","Robinson","3","25","True","ACTIVE","1232","1232","1232","169.97","10.44266441",,,,"3|4|5|23|7|20|21"
"4362081","Cameron Dicker","Cameron","Dicker","5","24","True","ACTIVE","241","241","252","106.94","191.07526185",,,,"17|20|21"
"4362082","D'Shawn Jamison","D'Shawn","Jamison","12","23","True","ACTIVE","2307","2304","2304","170.0",,,,,"12|14|15|20|21"
"16166","Tress Way","Tress","Way","7","28","True","ACTIVE","537","537","537","173.51","241.95024103",,,,"18|20|21"
"3043136","Leonard Floyd","Leonard","Floyd","10","0","True","ACTIVE","1708","1708","1708","170.0",,,,,"9|11|15|20|21"
"4362087","Keaontay Ingram","Keaontay","Ingram","2","0","True","ACTIVE","2136","2131","2131","169.99",,,,,"2|3|23|7|20|21"
"4058925","Tershawn Wharton","Tershawn","Wharton","9","29","True","OUT","684","684","684","172.96","58.59380848",,,,"8|11|15|20|21"
"4362088","DeMarvion Overshown","DeMarvion","Overshown","11","6","True","ACTIVE","292","292","300","172.68","153.78991276",,,,"10|15|20|21"
"4362094","Joseph Ossai","Joseph","Ossai","10","20","True","ACTIVE","780","780","780","170.12","73.49203333",,,,"9|11|15|20|21"
"4038441","Justice Hill","Justice","Hill","2","33","True","ACTIVE","265","265","291","170.9","132.34006219",,,,"2|3|23|7|20|21"
"4038437","A.J. Green III","A.J.","Green III","12","15","True","ACTIVE","2047","2036","2036","170.0",,,,,"12|14|15|20|21"
"4038432","Amen Ogbongbemiga","Amen","Ogbongbemiga","11","8","True","ACTIVE","2103","2098","2098","169.96",,,,,"10|15|20|21"
"4243315","Salvon Ahmed","Salvon","Ahmed","2","3","True","ACTIVE","1413","1413","1413","169.99",,,,,"2|3|23|7|20|21"
"4427636","Nic Jones","Nic","Jones","12","19","True","ACTIVE","1504","1503","1503","170.0",,,,,"12|14|15|20|21"
"4427635","Adetomiwa Adebawore","Adetomiwa","Adebawore","9","11","True","ACTIVE","959","959","959","170.0","45.10158178",,,,"8|11|15|20|21"
"4243319","Terrell Bynum","Terrell","Bynum","3","0","True","ACTIVE","2318","2339","2339","170.0",,,,,"3|4|5|23|7|20|21"
"4243320","Alex Cook","Alex","Cook","13","14","True","ACTIVE","2335","2323","2323","170.0",,,,,"13|14|15|20|21"
"4243321","Ali Gaye","Ali","Gaye","10","34","True","ACTIVE","2435","2431","2431","169.92",,,,,"9|11|15|20|21"
"4243322","Jake Haener","Jake","Haener","1","19","True","ACTIVE","1499","1498","1498","170.0",,,,,"0|7|20|21"
"4243328","Elijah Molden","Elijah","Molden","13","24","True","ACTIVE","849","849","849","170.1","72.40549924",,,,"13|14|15|20|21"
"4714365","Carson Steele","Carson","Steele","2","21","True","ACTIVE","1545","1544","1544","169.97",,,,,"2|3|23|7|20|21"
"3043107","Alex Anzalone","Alex","Anzalone","11","27","True","ACTIVE","584","584","584","172.55","140.24781543",,,,"10|15|20|21"
"16195","Tony Jefferson","Tony","Jefferson","13","24","True","ACTIVE","873","873","873","170.05","84.84392615",,,,"13|14|15|20|21"
"4243331","Cade Otton","Cade","Otton","4","27","True","QUESTIONABLE","368","368","393","170.46","146.44112028",,,,"5|6|23|7|20|21"
"4362117","Keondre Coburn","Keondre","Coburn","9","0","True","ACTIVE","2272","2267","2267","169.97",,,,,"8|11|15|20|21"
"4837244","Gabe Jacas","Gabe","Jacas","10","17","True","ACTIVE","949","949","949","169.98","47.36820841",,,,"9|11|15|20|21"
"4243332","Keith Taylor","Keith","Taylor","12","0","True","QUESTIONABLE","2079","2074","2074","170.0",,,,,"12|14|15|20|21"
"4243333","Joe Tryon-Shoyinka","Joe","Tryon-Shoyinka","10","21","True","ACTIVE","2055","2050","2050","169.99","0.0",,,,"9|11|15|20|21"
"4362116","Moro Ojomo","Moro","Ojomo","9","21","True","ACTIVE","858","858","858","170.03","58.38271652",,,,"8|11|15|20|21"
"4685702","Quinshon Judkins","Quinshon","Judkins","2","5","True","QUESTIONABLE","40","40","72","55.02","238.88734767",,,,"2|3|23|7|20|21"
"4837248","Fernando Mendoza","Fernando","Mendoza","1","13","True","ACTIVE","383","383","226","167.54","215.89946355","449.7773737","284.6133663","3058.926548","25|0|7|20|21"
"3915535","Denzel Ward","Denzel","Ward","12","5","True","ACTIVE","839","839","839","169.83","100.15771078",,,,"12|14|15|20|21"
"3125114","Poona Ford","Poona","Ford","9","14","True","ACTIVE","848","848","848","170.01","57.88286089",,,,"8|11|15|20|21"
"3051381","Mike White","Mike","White","1","0","True","ACTIVE","1817","1817","1817","169.99",,,,,"0|7|20|21"
"3125107","Andrew Beck","Andrew","Beck","2","20","True","ACTIVE","1265","1265","1265","169.98","9.10883802",,,,"2|3|23|7|20|21"
"4243218","Marlon Tuipulotu","Marlon","Tuipulotu","9","1","True","ACTIVE","2084","2079","2079","169.99","0.0",,,,"8|11|15|20|21"
"4038524","Gardner Minshew II","Gardner","Minshew II","1","22","True","ACTIVE","1296","1296","1296","169.98","8.40359567","21.73656935","13.59381327","141.6218165","0|7|20|21"
"4046716","Naquan Jones","Naquan","Jones","9","34","True","ACTIVE","1314","1314","1314","170.0","5.77281037",,,,"8|11|15|20|21"
"4046715","Trishton Jackson","Trishton","Jackson","3","0","True",,"2027","2022","2022","169.99",,,,,"3|4|5|23|7|20|21"
"3121003","Taron Johnson","Taron","Johnson","12","13","True","ACTIVE","700","700","700","171.42","106.79982355",,,,"12|14|15|20|21"
"4374302","Amon-Ra St. Brown","Amon-Ra","St. Brown","3","8","True","ACTIVE","8","8","18","8.24","393.28856712",,,,"3|4|5|23|7|20|21"
"3051397","Cameron Johnston","Cameron","Johnston","7","23","True","ACTIVE","526","526","526","172.54","271.07594663",,,,"18|20|21"
"4362018","Blake Whiteheart","Blake","Whiteheart","4","5","True","ACTIVE","1519","1515","1515","169.99","0.0",,,,"5|6|23|7|20|21"
"4685597","Jalon Walker","Jalon","Walker","10","1","True","INJURY_RESERVE","2486","2484","2484","169.93","0.0",,,,"9|11|15|20|21"
"2977670","DJ Reader","DJ","Reader","9","19","True","ACTIVE","998","998","998","169.94","36.55682683",,,,"8|11|15|20|21"
"4685596","Azareye'h Thomas","Azareye'h","Thomas","12","20","True","ACTIVE","938","938","938","169.96","56.29048958",,,,"12|14|15|20|21"
"4259619","Blake Grupe","Blake","Grupe","5","11","True","ACTIVE","492","492","492","170.03","142.71582342",,,,"17|20|21"
"4685609","Tyre West","Tyre","West","10","8","True","ACTIVE","2599","2604","2604","170.02",,,,,"9|11|15|20|21"
"4362019","A.T. Perry","A.T.","Perry","3","0","True","ACTIVE","2277","2272","2272","169.99","0.0",,,,"3|4|5|23|7|20|21"
"3051392","Ezekiel Elliott","Ezekiel","Elliott","2","0","True","ACTIVE","1918","1915","1915","169.91",,,,,"2|3|23|7|20|21"
"3121023","Dallas Goedert","Dallas","Goedert","4","21","True","ACTIVE","126","126","148","98.48","249.65659988",,,,"5|6|23|7|20|21"
"3051389","Joey Bosa","Joey","Bosa","10","0","True","ACTIVE","1673","1673","1673","169.9",,,,,"9|11|15|20|21"
"3149687","Chris Brooks","Chris","Brooks","2","9","True","ACTIVE","355","355","369","170.25","39.99895356",,,,"2|3|23|7|20|21"
"3125116","D'Onta Foreman","D'Onta","Foreman","2","0","True","ACTIVE","1911","1910","1910","169.99",,,,,"2|3|23|7|20|21"
"3051388","Vonn Bell","Vonn","Bell","13","0","True","ACTIVE","1721","1721","1721","170.0",,,,,"13|14|15|20|21"
"4243244","Marquise Blair","Marquise","Blair","13","0","True","ACTIVE","1849","1849","1849","170.0",,,,,"13|14|15|20|21"
"4685617","Kevin Winston Jr.","Kevin","Winston Jr.","13","10","True","ACTIVE","670","670","670","170.6","115.94886022",,,,"13|14|15|20|21"
"3858276","Jaylinn Hawkins","Jaylinn","Hawkins","13","33","True","ACTIVE","867","867","867","170.1","80.38801687",,,,"13|14|15|20|21"
"4427563","Micah Abraham","Micah","Abraham","12","0","True","ACTIVE","2411","2406","2406","170.0",,,,,"12|14|15|20|21"
"4259632","Isaiah Pola-Mao","Isaiah","Pola-Mao","13","13","True","ACTIVE","899","899","899","170.02","62.65505659",,,,"13|14|15|20|21"
"4431664","Dante Trader Jr.","Dante","Trader Jr.","13","15","True","ACTIVE","682","682","682","170.44","102.98484512",,,,"13|14|15|20|21"
"4046693","Adetokunbo Ogundeji","Adetokunbo","Ogundeji","10","0","True","ACTIVE","2082","2077","2077","170.0",,,,,"9|11|15|20|21"
"4259636","Vi Jones","Vi","Jones","11","0","True","ACTIVE","2448","2444","2444","170.0",,,,,"10|15|20|21"
"2977615","Chris Wormley","Chris","Wormley","9","0","True","ACTIVE","1766","1766","1766","170.0",,,,,"8|11|15|20|21"
"4046690","Julian Okwara","Julian","Okwara","10","5","True","ACTIVE","1987","1984","1984","169.96","0.0",,,,"9|11|15|20|21"
"4243253","Jaylon Johnson","Jaylon","Johnson","12","3","True","ACTIVE","811","811","811","170.12","107.54778742",,,,"12|14|15|20|21"
"4693816","Trey Taylor","Trey","Taylor","13","0","True","ACTIVE","2408","2403","2403","170.0",,,,,"13|14|15|20|21"
"4685623","Mykel Williams","Mykel","Williams","10","25","True","OUT","738","738","738","170.19","74.7318015",,,,"9|11|15|20|21"
"4243256","Devin Lloyd","Devin","Lloyd","11","29","True","ACTIVE","581","581","581","172.49","145.1702559",,,,"10|15|20|21"
"4411193","Deonte Harty","Deonte","Harty","3","0","True","QUESTIONABLE","1952","1948","1948","170.0",,,,,"3|4|5|23|7|20|21"
"3858271","Ashtyn Davis","Ashtyn","Davis","13","25","True","ACTIVE","1251","1251","1251","169.97","8.49753928",,,,"13|14|15|20|21"
"4427575","Jha'Quan Jackson","Jha'Quan","Jackson","3","0","True","ACTIVE","1534","1533","1533","169.99",,,,,"3|4|5|23|7|20|21"
"3051369","Bruce Hector","Bruce","Hector","9","0","True","ACTIVE","1802","1802","1802","170.0",,,,,"8|11|15|20|21"
"4046680","Jalen Elliott","Jalen","Elliott","13","0","True","ACTIVE","2109","2104","2104","170.0",,,,,"13|14|15|20|21"
"4837188","Jordan Phillips","Jordan","Phillips","9","15","True","ACTIVE","1009","1009","1009","170.0","33.33312893",,,,"8|11|15|20|21"
"4046679","Troy Pride Jr.","Troy","Pride Jr.","12","0","True","ACTIVE","2003","1999","1999","170.0",,,,,"12|14|15|20|21"
"4390717","Josh Johnson","Josh","Johnson","2","0","True","ACTIVE","2116","2111","2111","169.98",,,,,"2|3|23|7|20|21"
"4046676","Tony Jones Jr.","Tony","Jones Jr.","2","0","True","ACTIVE","2040","2032","2032","169.99",,,,,"2|3|23|7|20|21"
"4869961","Chris Bell","Chris","Bell","3","15","True","ACTIVE","330","330","355","170.51","74.92248622",,,,"25|3|4|5|23|7|20|21"
"4046675","Julian Love","Julian","Love","13","26","True","ACTIVE","634","634","634","171.47","132.71980707",,,,"13|14|15|20|21"
"4259647","Jay Tufele","Jay","Tufele","9","0","True","ACTIVE","2085","2080","2080","170.0","0.0",,,,"8|11|15|20|21"
"4374338","Steven Gilmore","Steven","Gilmore","12","14","True","ACTIVE","2312","2308","2308","170.0",,,,,"12|14|15|20|21"
"4259651","Brandon Pili","Brandon","Pili","9","26","True","QUESTIONABLE","1208","1208","1208","170.0","9.32459089",,,,"8|11|15|20|21"
"3043168","Za'Darius Smith","Za'Darius","Smith","10","1","True","ACTIVE","789","789","789","170.14","71.59299725",,,,"9|11|15|20|21"
"4837186","Emmanuel McNeil-Warren","Emmanuel","McNeil-Warren","13","5","True","ACTIVE","1107","1107","1107","169.98","20.98326241",,,,"25|13|14|15|20|21"
"4427729","Demetrius Knight Jr.","Demetrius","Knight Jr.","11","4","True","ACTIVE","575","575","575","172.74","142.47220383",,,,"10|15|20|21"
"4427728","Bam Knight","Bam","Knight","2","22","True","ACTIVE","435","435","442","170.08","122.59478917",,,,"2|3|23|7|20|21"
"4034496","Cam Gill","Cam","Gill","10","29","True","ACTIVE","2032","2026","2026","169.95",,,,,"9|11|15|20|21"
"4878287","Keondre Jackson","Keondre","Jackson","13","33","True","ACTIVE","2570","2554","2554","169.93",,,,,"13|14|15|20|21"
"4259804","Willie Gay Jr.","Willie","Gay Jr.","11","15","True","ACTIVE","1985","1982","1982","169.93","0.0",,,,"10|15|20|21"
"3936185","Jamie Gillan","Jamie","Gillan","7","0","True","ACTIVE","1953","1949","1949","169.9",,,,,"18|20|21"
"4362225","Dante Stills","Dante","Stills","9","22","True","ACTIVE","1003","1003","1003","170.0","34.43892233",,,,"8|11|15|20|21"
"2977680","Bradley Pinion","Bradley","Pinion","7","15","True","ACTIVE","522","522","522","141.89","284.38917945",,,,"18|20|21"
"2977679","Shaq Lawson","Shaq","Lawson","10","0","True","ACTIVE","1692","1692","1692","170.0",,,,,"9|11|15|20|21"
"4362227","Bryce Ford-Wheaton","Bryce","Ford-Wheaton","3","0","True","QUESTIONABLE","2421","2416","2416","169.99",,,,,"3|4|5|23|7|20|21"
"2977681","Carlos Watkins","Carlos","Watkins","9","0","True","ACTIVE","1757","1757","1757","170.0",,,,,"8|11|15|20|21"
"4362234","Zaire Barnes","Zaire","Barnes","11","19","True","ACTIVE","1506","1505","1505","170.0",,,,,"10|15|20|21"
"4362238","Chase Brown","Chase","Brown","2","4","True","ACTIVE","22","20","41","22.47","298.7504068",,,,"2|3|23|7|20|21"
"4698113","Max Melton","Max","Melton","12","22","True","ACTIVE","972","972","972","170.0","38.13580855",,,,"12|14|15|20|21"
"3043237","Matt Haack","Matt","Haack","7","0","True","ACTIVE","1672","1672","1672","169.48","0.0",,,,"18|20|21"
"4243457","DeAngelo Malone","DeAngelo","Malone","10","1","True","OUT","2131","2126","2126","170.0",,,,,"9|11|15|20|21"
"3059620","Morgan Fox","Morgan","Fox","9","0","True","ACTIVE","1761","1761","1761","170.0",,,,,"8|11|15|20|21"
"4362245","Braden Fiske","Braden","Fiske","9","14","True","ACTIVE","884","884","884","169.95","58.4433509",,,,"8|11|15|20|21"
"4567048","Kenneth Walker III","Kenneth","Walker III","2","12","True","ACTIVE","18","21","54","22.12","294.91480591",,,,"2|3|23|7|20|21"
"3043234","Zane Gonzalez","Zane","Gonzalez","5","0","True","QUESTIONABLE","1916","2426","2426","169.97","0.0",,,,"17|20|21"
"4362249","Jayden Reed","Jayden","Reed","3","9","True","ACTIVE","110","110","144","126.0","210.09410965",,,,"3|4|5|23|7|20|21"
"4608004","Donte Kent","Donte","Kent","12","23","True","OUT","2504","2502","2502","169.98",,,,,"12|14|15|20|21"
"4394894","Andrew Farmer II","Andrew","Farmer II","10","25","True","INJURY_RESERVE","2315","2309","2309","170.0",,,,,"9|11|15|20|21"
"4575115","Dan Jackson","Dan","Jackson","13","8","True","ACTIVE","2505","2503","2503","170.0",,,,,"13|14|15|20|21"
"4714379","Seydou Traore","Seydou","Traore","4","15","True","ACTIVE","1636","1643","1643","169.99",,,,,"25|5|6|23|7|20|21"
"16339","Brandon McManus","Brandon","McManus","5","0","True","ACTIVE","1940","1937","1937","169.94","0.0",,,,"17|20|21"
"4611993","Joshua Farmer","Joshua","Farmer","9","17","True","ACTIVE","1126","1126","1126","169.98","17.20527793",,,,"8|11|15|20|21"
"4685721","Drew Sanders","Drew","Sanders","11","7","True","ACTIVE","785","785","785","170.0","15.90575626",,,,"10|15|20|21"
"4685720","Bryce Young","Bryce","Young","1","29","True","ACTIVE","313","313","155","168.8","278.07170823","539.6992718","335.8034429","3639.808768","0|7|20|21"
"4427673","Calijah Kancey","Calijah","Kancey","9","27","True","ACTIVE","732","732","732","170.69","79.19241019",,,,"8|11|15|20|21"
"2977800","Alex Erickson","Alex","Erickson","3","0","True","ACTIVE","1795","1795","1795","170.0",,,,,"3|4|5|23|7|20|21"
"3059722","Zay Jones","Zay","Jones","3","34","True","ACTIVE","1910","1909","1909","169.99",,,,,"3|4|5|23|7|20|21"
"4427677","Mohamed Kamara","Mohamed","Kamara","10","27","True","ACTIVE","2377","2372","2372","170.0",,,,,"9|11|15|20|21"
"4362139","Travis Jones","Travis","Jones","9","33","True","ACTIVE","696","696","696","172.27","83.11741631",,,,"8|11|15|20|21"
"4837286","Wade Woodaz","Wade","Woodaz","11","34","True","QUESTIONABLE","740","740","740","169.99","29.35669301",,,,"25|10|15|20|21"
"4575131","Jacory Croskey-Merritt","Jacory","Croskey-Merritt","2","28","True","QUESTIONABLE","123","132","168","131.8","165.60645302",,,,"2|3|23|7|20|21"
"4685724","Will Anderson Jr.","Will","Anderson Jr.","10","34","True","ACTIVE","161","161","173","128.97","167.27902513",,,,"9|11|15|20|21"
"3125248","Jeremy Reaves","Jeremy","Reaves","13","28","True","ACTIVE","1143","1143","1143","170.0","17.50247726",,,,"13|14|15|20|21"
"3133440","Levi Wallace","Levi","Wallace","12","0","True","ACTIVE","1740","1740","1740","170.0",,,,,"12|14|15|20|21"
"4243366","J.J. Russell","J.J.","Russell","11","0","True","QUESTIONABLE","2199","2195","2195","170.0",,,,,"10|15|20|21"
"4243371","Riley Patterson","Riley","Patterson","5","15","True","ACTIVE","496","496","496","169.91","150.68725745",,,,"17|20|21"
"2576336","Ameer Abdullah","Ameer","Abdullah","2","30","True","ACTIVE","1380","1380","1380","169.99",,,,,"2|3|23|7|20|21"
"4693934","Andre Fuller","Andre","Fuller","12","26","True","ACTIVE","2588","2602","2602","169.98",,,,,"25|12|14|15|20|21"
"4362162","SaRodorick Thompson Jr.","SaRodorick","Thompson Jr.","2","0","True","ACTIVE","2345","2350","2350","169.98",,,,,"2|3|23|7|20|21"
"4259762","Jonathan Ford","Jonathan","Ford","9","9","True","ACTIVE","2162","2157","2157","170.0",,,,,"8|11|15|20|21"
"4427695","Kyu Blu Kelly","Kyu Blu","Kelly","12","0","True","QUESTIONABLE","2229","2224","2224","169.97",,,,,"12|14|15|20|21"
"4034530","Chris Williams","Chris","Williams","9","1","True","ACTIVE","1203","1203","1203","170.0","9.87038785",,,,"8|11|15|20|21"
"2977740","Emmanuel Ogbah","Emmanuel","Ogbah","10","12","True","ACTIVE","1189","1189","1189","170.0","12.64936515",,,,"9|11|15|20|21"
"3043275","Austin Hooper","Austin","Hooper","4","1","True","ACTIVE","473","473","473","169.97","62.59625757",,,,"5|6|23|7|20|21"
"4243389","Calvin Austin III","Calvin","Austin III","3","19","True","ACTIVE","1165","1165","1165","169.96","23.40147802",,,,"3|4|5|23|7|20|21"
"4685759","Jalen Carter","Jalen","Carter","9","21","True","ACTIVE","657","657","657","170.09","83.84159069",,,,"8|11|15|20|21"
"5083076","Harold Fannin Jr.","Harold","Fannin Jr.","4","5","True","ACTIVE","80","79","96","75.44","270.86499295",,,,"5|6|23|7|20|21"
"4599739","Kendre Miller","Kendre","Miller","2","18","True","ACTIVE","403","403","416","170.16","32.55443809",,,,"2|3|23|7|20|21"
"4894654","Kenneth Grant","Kenneth","Grant","9","15","True","QUESTIONABLE","953","953","953","169.98","42.89603199",,,,"8|11|15|20|21"
"4427716","Jack Kiser","Jack","Kiser","11","30","True","QUESTIONABLE","743","743","743","169.99","26.74694683",,,,"10|15|20|21"
"3129310","Drue Tranquill","Drue","Tranquill","11","12","True","QUESTIONABLE","569","569","569","173.31","138.26678658",,,,"10|15|20|21"
"4362186","Erik Ezukanma","Erik","Ezukanma","3","21","True","ACTIVE","1449","1448","1448","169.99",,,,,"3|4|5|23|7|20|21"
"4710341","Jarquez Hunter","Jarquez","Hunter","2","14","True","ACTIVE","1572","1572","1572","169.99",,,,,"2|3|23|7|20|21"
"4698191","Chris Collier","Chris","Collier","2","13","True","INJURY_RESERVE","1559","1567","1567","169.99","0.0",,,,"2|3|23|7|20|21"
"4243537","Gabe Davis","Gabe","Davis","3","0","True","QUESTIONABLE","2000","1996","1996","170.0",,,,,"3|4|5|23|7|20|21"
"5165139","Keyshawn James-Newby","Keyshawn","James-Newby","10","21","True","QUESTIONABLE","2608","2608","2608","169.98",,,,,"9|11|15|20|21"
"3915837","Broderick Washington Jr.","Broderick","Washington Jr.","9","33","True","ACTIVE","2013","2009","2009","169.94","0.0",,,,"8|11|15|20|21"
"4833355","Nic Scourton","Nic","Scourton","10","29","True","INJURY_RESERVE","2491","2489","2489","169.98","0.0",,,,"9|11|15|20|21"
"4243541","Kalia Davis","Kalia","Davis","9","5","True","ACTIVE","1051","1051","1051","170.0","26.64996835",,,,"8|11|15|20|21"
"3133487","Andrew Van Ginkel","Andrew","Van Ginkel","10","16","True","ACTIVE","170","170","180","147.93","163.07188744",,,,"9|11|15|20|21"
"4567123","Byron Young","Byron","Young","9","21","True","QUESTIONABLE","1081","1081","1081","169.99","22.40337405",,,,"8|11|15|20|21"
"4612182","Evan Anderson","Evan","Anderson","9","25","True","ACTIVE","2434","2430","2430","169.98","0.0",,,,"8|11|15|20|21"
"3047495","Sebastian Joseph-Day","Sebastian","Joseph-Day","9","23","True","ACTIVE","992","992","992","170.0","37.1214571",,,,"8|11|15|20|21"
"4567138","Justin Eboigbe","Justin","Eboigbe","9","24","True","ACTIVE","862","862","862","170.06","60.5692771",,,,"8|11|15|20|21"
"4280416","Samuel Womack III","Samuel","Womack III","12","20","True","ACTIVE","2163","2158","2158","170.0",,,,,"12|14|15|20|21"
"4690013","Rasheen Ali","Rasheen","Ali","2","33","True","ACTIVE","437","437","445","170.08","91.568961",,,,"2|3|23|7|20|21"
"3915821","Tony Brown","Tony","Brown","3","0","True","ACTIVE","2046","2034","2034","170.0",,,,,"3|4|5|23|7|20|21"
"2510863","Eric Kendricks","Eric","Kendricks","11","0","True","ACTIVE","1699","1699","1699","170.0",,,,,"10|15|20|21"
"2576399","Nick Vannett","Nick","Vannett","4","26","True","ACTIVE","1367","1367","1367","169.99",,,,,"5|6|23|7|20|21"
"4567156","Treylon Burks","Treylon","Burks","3","28","True","ACTIVE","993","993","993","169.99","53.80198027",,,,"3|4|5|23|7|20|21"
"4050971","Eric Johnson II","Eric","Johnson II","9","1","True","ACTIVE","2170","2165","2165","170.0","0.0",,,,"8|11|15|20|21"
"3125287","Andre Chachere","Andre","Chachere","13","0","True","ACTIVE","2120","2115","2115","169.97",,,,,"13|14|15|20|21"
"2576414","Raheem Mostert","Raheem","Mostert","2","0","True","QUESTIONABLE","1883","1883","1883","169.99",,,,,"2|3|23|7|20|21"
"2531358","Chris Manhertz","Chris","Manhertz","4","19","True","ACTIVE","1321","1321","1321","169.98","4.82091144",,,,"5|6|23|7|20|21"
"4808839","Isaiah Bond","Isaiah","Bond","3","5","True","ACTIVE","1055","1055","1055","169.97","35.58136146",,,,"3|4|5|23|7|20|21"
"3125280","Corliss Waitman","Corliss","Waitman","7","25","True","ACTIVE","549","549","549","170.53","216.8225446",,,,"18|20|21"
"4808830","Damien Martinez","Damien","Martinez","2","9","True","ACTIVE","1584","1584","1584","169.99",,,,,"2|3|23|7|20|21"
"4567171","Eric Gregory","Eric","Gregory","9","17","True","ACTIVE","1048","1048","1048","169.99","26.2586915",,,,"8|11|15|20|21"
"4259978","Quinton Bohanna","Quinton","Bohanna","9","0","True","ACTIVE","2081","2076","2076","169.99","0.0",,,,"8|11|15|20|21"
"4698244","Teddye Buchanan","Teddye","Buchanan","11","33","True","QUESTIONABLE","629","629","629","170.89","93.73499222",,,,"10|15|20|21"
"4366349","Joe Andreessen","Joe","Andreessen","11","2","True","ACTIVE","716","716","716","170.0","34.21815011",,,,"10|15|20|21"
"16460","Adam Thielen","Adam","Thielen","3","23","True",,"1941","1938","1938","169.98",,,,,"3|4|5|23|7|20|21"
"3895429","Jaire Alexander","Jaire","Alexander","12","21","True",,"1736","1736","1736","170.01",,,,,"12|14|15|20|21"
"4685841","Zion Childress","Zion","Childress","12","6","True","QUESTIONABLE","2573","2568","2568","170.0",,,,,"12|14|15|20|21"
"4689936","Jake Bates","Jake","Bates","5","8","True","ACTIVE","252","252","263","156.59","160.85829931",,,,"17|20|21"
"2576492","Grady Jarrett","Grady","Jarrett","9","3","True","ACTIVE","783","783","783","170.34","65.38385711",,,,"8|11|15|20|21"
"4837388","VJ Payne","VJ","Payne","13","20","True","QUESTIONABLE","2609","2587","2587","169.98",,,,,"25|13|14|15|20|21"
"4571162","Jalyx Hunt","Jalyx","Hunt","10","21","True","ACTIVE","675","675","675","170.84","86.58207796",,,,"9|11|15|20|21"
"4710422","Ahmed Hassanein","Ahmed","Hassanein","10","8","True","ACTIVE","2495","2493","2493","170.07",,,,,"9|11|15|20|21"
"3125356","Jalen Davis","Jalen","Davis","12","4","True","ACTIVE","1068","1068","1068","169.99","27.02545972",,,,"12|14|15|20|21"
"4051069","Caleb Johnson","Caleb","Johnson","11","34","True","ACTIVE","2110","2105","2105","170.0",,,,,"10|15|20|21"
"3821683","Austin Seibert","Austin","Seibert","5","0","True","ACTIVE","1888","1888","1888","169.96",,,,,"17|20|21"
"2576508","DeShawn Williams","DeShawn","Williams","9","0","True","ACTIVE","1820","1820","1820","170.0",,,,,"8|11|15|20|21"
"4243493","Keion White","Keion","White","10","25","True","QUESTIONABLE","1039","1039","1039","169.98","29.35590051",,,,"9|11|15|20|21"
"4427816","Marist Liufau","Marist","Liufau","10","6","True","ACTIVE","1308","1308","1308","170.0","6.87420986",,,,"9|11|15|20|21"
"4362280","Dyontae Johnson","Dyontae","Johnson","11","0","True","ACTIVE","2475","2471","2471","170.0",,,,,"10|15|20|21"
"4427826","Zion Logue","Zion","Logue","9","2","True","ACTIVE","2388","2383","2383","170.0",,,,,"8|11|15|20|21"
"4567096","John Metchie III","John","Metchie III","3","29","True","ACTIVE","1442","1441","1441","169.99",,,,,"3|4|5|23|7|20|21"
"4362294","Desjuan Johnson","Desjuan","Johnson","10","14","True","ACTIVE","1033","1033","1033","169.99","31.02456202",,,,"9|11|15|20|21"
"4567095","Keilan Robinson","Keilan","Robinson","2","0","True","QUESTIONABLE","2374","2369","2369","169.99",,,,,"2|3|23|7|20|21"
"4567098","Jordan Battle","Jordan","Battle","13","4","True","ACTIVE","375","375","380","173.73","138.39432599",,,,"13|14|15|20|21"
"4427834","Erick All Jr.","Erick","All Jr.","4","4","True","ACTIVE","443","443","454","170.05","85.50737707",,,,"5|6|23|7|20|21"
"4567104","Will Reichard","Will","Reichard","5","16","True","ACTIVE","259","259","270","166.94","168.44484746",,,,"17|20|21"
"3129446","Robert Spillane","Robert","Spillane","11","17","True","ACTIVE","258","258","269","171.99","162.76154618",,,,"10|15|20|21"
"4567099","Christian Harris","Christian","Harris","11","1","True","ACTIVE","602","602","602","171.63","123.6598476",,,,"10|15|20|21"
"4567111","DeMarcco Hellams","DeMarcco","Hellams","13","1","True","ACTIVE","2239","2234","2234","170.0",,,,,"13|14|15|20|21"
"4808766","Mason Taylor","Mason","Taylor","4","20","True","ACTIVE","464","464","464","170.05","95.98770876",,,,"5|6|23|7|20|21"
"4689989","Natrone Brooks","Natrone","Brooks","12","1","True","ACTIVE","1317","1317","1317","169.98","58.30519227",,,,"12|14|15|20|21"
"4698181","Quintayvious Hutchins","Quintayvious","Hutchins","10","17","True","ACTIVE","2606","2614","2614","169.88",,,,,"9|11|15|20|21"
"4689988","Jason Brownlee","Jason","Brownlee","3","12","True","ACTIVE","1507","1506","1506","170.0",,,,,"3|4|5|23|7|20|21"
"4427982","Austin McNamara","Austin","McNamara","7","20","True","ACTIVE","530","530","530","176.23","257.90712312",,,,"18|20|21"
"4427985","Bub Means","Bub","Means","3","18","True","QUESTIONABLE","1529","1528","1528","169.98",,,,,"3|4|5|23|7|20|21"
"4427984","Kain Medrano","Kain","Medrano","10","28","True","ACTIVE","1140","1140","1140","170.11","17.8495338",,,,"9|11|15|20|21"
"4686027","Donovan McMillon","Donovan","McMillon","13","5","True","ACTIVE","2536","2544","2544","170.0","0.0",,,,"13|14|15|20|21"
"4722893","Jaleel McLaughlin","Jaleel","McLaughlin","2","7","True","ACTIVE","1508","1507","1507","169.98",,,,,"2|3|23|7|20|21"
"4038849","DJ Wonnum","DJ","Wonnum","10","8","True","ACTIVE","687","687","687","170.44","80.89300437",,,,"9|11|15|20|21"
"4362452","Jaret Patterson","Jaret","Patterson","2","24","True","ACTIVE","1435","1434","1434","170.0",,,,,"2|3|23|7|20|21"
"4038843","Keir Thomas II","Keir","Thomas II","10","14","True","INJURY_RESERVE","1325","1325","1325","169.99","4.33934781",,,,"9|11|15|20|21"
"4874448","Daijahn Anthony","Daijahn","Anthony","13","4","True","ACTIVE","1323","1323","1323","170.01","4.41291643",,,,"13|14|15|20|21"
"3117258","Solomon Thomas","Solomon","Thomas","9","10","True","ACTIVE","971","971","971","169.99","41.57166251",,,,"8|11|15|20|21"
"3117256","Dalton Schultz","Dalton","Schultz","4","34","True","ACTIVE","297","297","370","168.0","192.09299961",,,,"5|6|23|7|20|21"
"2310331","Tyler Johnson","Tyler","Johnson","3","6","True","ACTIVE","1405","1405","1405","169.99",,,,,"3|4|5|23|7|20|21"
"3117255","Harrison Phillips","Harrison","Phillips","9","20","True","ACTIVE","810","810","810","170.45","62.11748833",,,,"8|11|15|20|21"
"4690143","LaJohntay Wester","LaJohntay","Wester","3","33","True","ACTIVE","1345","1345","1345","169.98","100.8569779",,,,"3|4|5|23|7|20|21"
"3117253","Bobby Okereke","Bobby","Okereke","11","0","True","ACTIVE","1839","1839","1839","170.08",,,,,"10|15|20|21"
"3117251","Christian McCaffrey","Christian","McCaffrey","2","25","True","QUESTIONABLE","6","6","12","7.31","380.86217655",,,,"2|3|23|7|20|21"
"3932335","Zayne Anderson","Zayne","Anderson","13","15","True","ACTIVE","875","875","875","170.08","78.81844284",,,,"13|14|15|20|21"
"3911853","Adam Trautman","Adam","Trautman","4","7","True","ACTIVE","1070","1070","1070","169.95","39.68583367",,,,"5|6|23|7|20|21"
"4722908","Drew Ogletree","Drew","Ogletree","4","11","True","ACTIVE","1250","1250","1250","169.99","11.41085734",,,,"5|6|23|7|20|21"
"3121344","Ryan Neal","Ryan","Neal","13","0","True","ACTIVE","1966","1962","1962","170.0",,,,,"13|14|15|20|21"
"2576581","Chris Moore","Chris","Moore","3","33","True","ACTIVE","1362","1362","1362","169.99",,,,,"3|4|5|23|7|20|21"
"4362477","Derius Davis","Derius","Davis","3","24","True","ACTIVE","1200","1200","1200","169.99","66.12508116",,,,"3|4|5|23|7|20|21"
"12460","Graham Gano","Graham","Gano","5","0","True","QUESTIONABLE","1948","1944","1944","169.98","0.0",,,,"17|20|21"
"4362478","Emari Demercado","Emari","Demercado","2","12","True","ACTIVE","353","353","368","170.38","69.45986989",,,,"2|3|23|7|20|21"
"4038815","Rico Dowdle","Rico","Dowdle","2","23","True","ACTIVE","117","118","115","104.19","197.86552675",,,,"2|3|23|7|20|21"
"4362486","Ochaun Mathis","Ochaun","Mathis","10","0","True","ACTIVE","2276","2271","2271","170.0",,,,,"9|11|15|20|21"
"4362489","John Stephens Jr.","John","Stephens Jr.","4","0","True","ACTIVE","2416","2411","2411","169.99",,,,,"5|6|23|7|20|21"
"4362487","Tre'von Moehrig","Tre'von","Moehrig","13","29","True","ACTIVE","362","362","367","176.01","135.3557512",,,,"13|14|15|20|21"
"3059880","Neville Hewitt","Neville","Hewitt","11","0","True","ACTIVE","1881","1881","1881","170.0",,,,,"10|15|20|21"
"4362492","Ar'Darius Washington","Ar'Darius","Washington","13","19","True","ACTIVE","942","942","942","170.0","49.87580146",,,,"13|14|15|20|21"
"4247807","Troy Andersen","Troy","Andersen","11","0","True","QUESTIONABLE","2130","2125","2125","169.99","0.0",,,,"10|15|20|21"
"4362497","Nesta Jade Silvera","Nesta Jade","Silvera","9","0","True","ACTIVE","2233","2228","2228","170.0",,,,,"8|11|15|20|21"
"4247808","Ty Okada","Ty","Okada","13","26","True","ACTIVE","775","775","775","170.11","104.25285034",,,,"13|14|15|20|21"
"4575483","T.J. Tampa","T.J.","Tampa","12","33","True","ACTIVE","1204","1204","1204","169.97","11.40534681",,,,"12|14|15|20|21"
"4690171","Deane Leonard","Deane","Leonard","12","24","True","ACTIVE","1053","1053","1053","170.0","32.23791127",,,,"12|14|15|20|21"
"12483","Matthew Stafford","Matthew","Stafford","1","14","True","ACTIVE","102","102","45","80.13","363.05176278","557.7673732","356.0634063","4281.723757","0|7|20|21"
"4034704","Michael Bandy","Michael","Bandy","3","7","True","ACTIVE","1359","1359","1359","169.99","3.17241631",,,,"3|4|5|23|7|20|21"
"4362502","DJ Ivey","DJ","Ivey","12","4","True","ACTIVE","1167","1167","1167","170.0","17.94956762",,,,"12|14|15|20|21"
"4362506","Greg Rousseau","Greg","Rousseau","10","2","True","ACTIVE","475","475","475","174.25","109.65169407",,,,"9|11|15|20|21"
"4362504","Brevin Jordan","Brevin","Jordan","4","34","True","QUESTIONABLE","1428","1427","1427","170.0",,,,,"5|6|23|7|20|21"
"4690179","Tavius Robinson","Tavius","Robinson","10","33","True","ACTIVE","945","945","945","170.0","46.22279608",,,,"9|11|15|20|21"
"4043016","Dee Eskridge","Dee","Eskridge","3","0","True","ACTIVE","2054","2049","2049","170.0",,,,,"3|4|5|23|7|20|21"
"4698253","Lan Larison","Lan","Larison","2","17","True","QUESTIONABLE","1600","1601","1601","169.99",,,,,"2|3|23|7|20|21"
"4685978","Darrell Luter Jr.","Darrell","Luter Jr.","12","25","True","ACTIVE","2273","2268","2268","170.0","0.0",,,,"12|14|15|20|21"
"4690070","Mitchell Tinsley","Mitchell","Tinsley","3","4","True","ACTIVE","1221","1221","1221","169.98","10.6827763",,,,"3|4|5|23|7|20|21"
"4002046","David Onyemata","David","Onyemata","9","20","True","ACTIVE","808","808","808","170.46","63.852805",,,,"8|11|15|20|21"
"4259994","Josh Paschal","Josh","Paschal","10","0","True","ACTIVE","2129","2124","2124","170.0",,,,,"9|11|15|20|21"
"3121416","Sam Hubbard","Sam","Hubbard","10","4","True",,"1694","1694","1694","169.97",,,,,"9|11|15|20|21"
"4685984","Jamie Sheriff","Jamie","Sheriff","10","26","True","ACTIVE","2474","2455","2455","170.0",,,,,"9|11|15|20|21"
"3121415","Malik Hooker","Malik","Hooker","13","6","True","ACTIVE","901","901","901","169.97","58.54610912",,,,"13|14|15|20|21"
"2969860","Justin Simmons","Justin","Simmons","13","0","True","ACTIVE","1728","1728","1728","170.02",,,,,"13|14|15|20|21"
"3121414","Jalyn Holmes","Jalyn","Holmes","9","10","True","ACTIVE","1769","1769","1769","169.96","0.0",,,,"8|11|15|20|21"
"3121410","Parris Campbell","Parris","Campbell","3","6","True","ACTIVE","1894","1894","1894","169.99",,,,,"3|4|5|23|7|20|21"
"3121409","Noah Brown","Noah","Brown","3","13","True","ACTIVE","1363","1363","1363","169.99",,,,,"3|4|5|23|7|20|21"
"3051775","Andrew Billings","Andrew","Billings","9","22","True","ACTIVE","1211","1211","1211","170.0","9.99812609",,,,"8|11|15|20|21"
"5083297","Jacoby Jones","Jacoby","Jones","3","28","True","ACTIVE","1621","1620","1620","170.0",,,,,"3|4|5|23|7|20|21"
"2511109","Trevor Siemian","Trevor","Siemian","1","0","True","ACTIVE","1859","1859","1859","169.99",,,,,"0|7|20|21"
"4247722","Benton Whitley","Benton","Whitley","10","5","True","ACTIVE","2308","2345","2345","170.0",,,,,"9|11|15|20|21"
"4567216","D.J. Williams","D.J.","Williams","2","0","True","QUESTIONABLE","2440","2436","2436","169.97",,,,,"2|3|23|7|20|21"
"3051738","Marquez Valdes-Scantling","Marquez","Valdes-Scantling","3","6","True","ACTIVE","1390","1390","1390","169.96",,,,,"3|4|5|23|7|20|21"
"4247726","Bryan Cook","Bryan","Cook","13","4","True","QUESTIONABLE","643","643","643","170.71","117.91517608",,,,"13|14|15|20|21"
"5083315","Kenyon Sadiq","Kenyon","Sadiq","4","20","True","QUESTIONABLE","147","147","174","146.67","218.68858004",,,,"25|5|6|23|7|20|21"
"4034790","Antoine Winfield Jr.","Antoine","Winfield Jr.","13","27","True","ACTIVE","446","446","446","174.79","142.08601544",,,,"13|14|15|20|21"
"4567224","Colby Wooden","Colby","Wooden","9","11","True","ACTIVE","1045","1045","1045","170.0","27.0389253",,,,"8|11|15|20|21"
"4575416","Brandon Smith","Brandon","Smith","11","0","True","ACTIVE","2167","2162","2162","169.98",,,,,"10|15|20|21"
"4051167","Parker Romo","Parker","Romo","5","0","True","ACTIVE","2433","2429","2429","169.96",,,,,"17|20|21"
"4567226","Derick Hall","Derick","Hall","10","26","True","ACTIVE","759","759","759","170.15","73.53254225",,,,"9|11|15|20|21"
"4567225","Jaylin Simpson","Jaylin","Simpson","12","9","True","ACTIVE","2399","2394","2394","170.0",,,,,"12|14|15|20|21"
"8439","Aaron Rodgers","Aaron","Rodgers","1","23","True","ACTIVE","385","385","228","169.18","259.57778001","568.1241396","362.8228007","3772.434156","0|7|20|21"
"4034779","Ko Kieft","Ko","Kieft","4","27","True","ACTIVE","1243","1243","1243","169.99","11.73721037",,,,"5|6|23|7|20|21"
"4567219","Owen Pappoe","Owen","Pappoe","11","22","True","ACTIVE","662","662","662","170.24","74.266891",,,,"10|15|20|21"
"3059915","Kareem Hunt","Kareem","Hunt","2","0","True","ACTIVE","1912","1911","1911","169.97",,,,,"2|3|23|7|20|21"
"4567222","Nehemiah Pritchett","Nehemiah","Pritchett","12","26","True","ACTIVE","2381","2376","2376","170.0","0.0",,,,"12|14|15|20|21"
"3915990","Joe Gaziano","Joe","Gaziano","10","0","True","ACTIVE","2048","2039","2039","170.0",,,,,"9|11|15|20|21"
"4427963","Isaiah McGuire","Isaiah","McGuire","10","5","True","ACTIVE","826","826","826","170.15","67.28277615",,,,"9|11|15|20|21"
"3051750","Zach Cunningham","Zach","Cunningham","11","0","True","QUESTIONABLE","1698","1698","1698","170.0",,,,,"10|15|20|21"
"4698301","Jermaine Jackson","Jermaine","Jackson","3","0","True","ACTIVE","2481","2479","2479","169.97",,,,,"3|4|5|23|7|20|21"
"3051746","Oren Burks","Oren","Burks","11","4","True","ACTIVE","677","677","677","170.21","47.19707124",,,,"10|15|20|21"
"4366534","Keenan Isaac","Keenan","Isaac","12","0","True","ACTIVE","2484","2473","2473","170.0",,,,,"12|14|15|20|21"
"4575431","Devon Witherspoon","Devon","Witherspoon","12","26","True","ACTIVE","377","377","382","158.78","149.12412782",,,,"12|14|15|20|21"
"4612298","Albert Regis","Albert","Regis","9","30","True","ACTIVE","1100","1100","1100","170.0","21.77992143",,,,"25|8|11|15|20|21"
"4567242","Sam Williams","Sam","Williams","10","6","True","ACTIVE","1087","1087","1087","170.0","24.26193014",,,,"9|11|15|20|21"
"4034766","Carter Coughlin","Carter","Coughlin","11","0","True","ACTIVE","1991","1988","1988","169.96",,,,,"10|15|20|21"
"4239694","Amik Robertson","Amik","Robertson","12","28","True","ACTIVE","1066","1066","1066","170.04","30.46081296",,,,"12|14|15|20|21"
"4432208","Caleb Lohner","Caleb","Lohner","4","7","True","QUESTIONABLE","1585","1585","1585","170.0",,,,,"5|6|23|7|20|21"
"4239699","Milton Williams","Milton","Williams","9","17","True","ACTIVE","618","618","618","175.87","97.83179646",,,,"8|11|15|20|21"
"4428116","Isaiah Neyor","Isaiah","Neyor","3","9","True","ACTIVE","1594","1595","1595","170.0",,,,,"3|4|5|23|7|20|21"
"4030779","Bobby Price","Bobby","Price","12","0","True","ACTIVE","2050","2043","2043","170.0",,,,,"12|14|15|20|21"
"4428119","Lew Nichols","Lew","Nichols","2","23","True","ACTIVE","1494","1493","1493","169.99",,,,,"2|3|23|7|20|21"
"4428125","Maema Njongmeta","Maema","Njongmeta","11","29","True","ACTIVE","2451","2447","2447","170.0",,,,,"10|15|20|21"
"4710752","Cashius Howell","Cashius","Howell","10","4","True","ACTIVE","983","983","983","169.98","42.19454031",,,,"9|11|15|20|21"
"4702559","Oscar Delp","Oscar","Delp","4","18","True","QUESTIONABLE","1150","1150","1150","169.97","24.79543587",,,,"25|5|6|23|7|20|21"
"2576702","Bud Dupree","Bud","Dupree","10","24","True","ACTIVE","1067","1067","1067","169.97","27.80178832",,,,"9|11|15|20|21"
"2969924","Eddie Goldman","Eddie","Goldman","9","0","True","ACTIVE","1679","1679","1679","170.0",,,,,"8|11|15|20|21"
"4878695","Max Bredeson","Max","Bredeson","2","16","True","ACTIVE","1225","1225","1225","169.98","10.37206557",,,,"2|3|23|7|20|21"
"4702555","Jonah Coleman","Jonah","Coleman","2","7","True","ACTIVE","204","204","221","169.53","81.11659969",,,,"25|2|3|23|7|20|21"
"2969920","Ronald Darby","Ronald","Darby","12","34","True",,"1845","1845","1845","170.0",,,,,"12|14|15|20|21"
"4890973","Ashton Jeanty","Ashton","Jeanty","2","13","True","QUESTIONABLE","19","13","29","17.15","309.07119616",,,,"2|3|23|7|20|21"
"4567399","Kaiir Elam","Kaiir","Elam","12","12","True","ACTIVE","2123","2118","2118","169.99","0.0",,,,"12|14|15|20|21"
"4608362","Shane Zylstra","Shane","Zylstra","4","2","True","ACTIVE","1437","1436","1436","169.99",,,,,"5|6|23|7|20|21"
"2969921","Mario Edwards Jr.","Mario","Edwards Jr.","9","34","True","ACTIVE","1868","1868","1868","169.99",,,,,"8|11|15|20|21"
"4239719","Malcolm Koonce","Malcolm","Koonce","10","13","True","ACTIVE","957","957","957","169.97","46.85526911",,,,"9|11|15|20|21"
"2515270","Michael Burton","Michael","Burton","2","5","True","ACTIVE","1218","1218","1218","169.98","10.65467993",,,,"2|3|23|7|20|21"
"4034862","Jack Stoll","Jack","Stoll","4","5","True","INJURY_RESERVE","1286","1286","1286","169.99","9.91846509",,,,"5|6|23|7|20|21"
"2978109","Zach Pascal","Zach","Pascal","3","0","True","ACTIVE","1787","1787","1787","169.99",,,,,"3|4|5|23|7|20|21"
"4034861","Ben Stille","Ben","Stille","9","8","True","ACTIVE","2197","2193","2193","170.0",,,,,"8|11|15|20|21"
"4702577","Devin Moore","Devin","Moore","12","6","True","ACTIVE","1283","1283","1283","170.0","8.04624691",,,,"25|12|14|15|20|21"
"4362603","Brenden Bates","Brenden","Bates","4","5","True","INJURY_RESERVE","1548","1547","1547","170.0",,,,,"5|6|23|7|20|21"
"3059989","Nick Mullens","Nick","Mullens","1","30","True","ACTIVE","480","480","480","170.0","12.60909309","23.65154721","15.38381835","179.4661001","0|7|20|21"
"3916074","David Long Jr.","David","Long Jr.","11","0","True","ACTIVE","1872","1872","1872","170.0",,,,,"10|15|20|21"
"4567403","Mohamoud Diabate","Mohamoud","Diabate","11","10","True","ACTIVE","2355","2329","2329","170.0","0.0",,,,"10|15|20|21"
"4567406","Ty'Ron Hopper","Ty'Ron","Hopper","11","9","True","ACTIVE","2362","2357","2357","169.99",,,,,"10|15|20|21"
"3121427","Curtis Samuel","Curtis","Samuel","3","0","True","ACTIVE","1909","1908","1908","170.0",,,,,"3|4|5|23|7|20|21"
"4038946","Troy Dye","Troy","Dye","11","24","True","ACTIVE","686","686","686","170.16","45.52825032",,,,"10|15|20|21"
"4432244","Romello Height","Romello","Height","10","25","True","QUESTIONABLE","1171","1171","1171","170.07","14.61997592",,,,"9|11|15|20|21"
"4678008","Jonathon Brooks","Jonathon","Brooks","2","29","True","ACTIVE","120","121","124","116.91","184.37088024",,,,"2|3|23|7|20|21"
"3121423","Raekwon McMillan","Raekwon","McMillan","11","0","True","ACTIVE","1701","1701","1701","170.0",,,,,"10|15|20|21"
"4034849","Lamar Jackson","Lamar","Jackson","12","0","True","ACTIVE","2042","2042","2042","169.78",,,,,"12|14|15|20|21"
"4243830","Jaelon Darden","Jaelon","Darden","3","0","True","ACTIVE","2070","2065","2065","170.0",,,,,"3|4|5|23|7|20|21"
"3121422","Terry McLaurin","Terry","McLaurin","3","28","True","ACTIVE","46","46","70","60.05","266.67311013",,,,"3|4|5|23|7|20|21"
"4243831","Kemon Hall","Kemon","Hall","12","0","True","QUESTIONABLE","2117","2112","2112","170.0",,,,,"12|14|15|20|21"
"4362617","Bryce Oliver","Bryce","Oliver","3","10","True","ACTIVE","1553","1553","1553","170.0",,,,,"3|4|5|23|7|20|21"
"4678006","Elijah Arroyo","Elijah","Arroyo","4","26","True","ACTIVE","459","460","460","169.9","84.99607071",,,,"5|6|23|7|20|21"
"3121421","Marshon Lattimore","Marshon","Lattimore","12","0","True","QUESTIONABLE","1724","1724","1724","170.0",,,,,"12|14|15|20|21"
"4411769","Corey Ballentine","Corey","Ballentine","12","30","True","ACTIVE","1879","1879","1879","169.99","0.0",,,,"12|14|15|20|21"
"5144942","CJ Okoye","CJ","Okoye","9","33","True","ACTIVE","2544","2539","2539","170.0","0.0",,,,"8|11|15|20|21"
"3686689","AJ Cole","AJ","Cole","7","13","True","ACTIVE","520","520","520","133.75","277.53683298",,,,"18|20|21"
"3686690","James Smith-Williams","James","Smith-Williams","10","0","True","ACTIVE","2017","2013","2013","170.0",,,,,"9|11|15|20|21"
"4038941","Justin Herbert","Justin","Herbert","1","24","True","ACTIVE","112","112","52","106.99","334.88926227","527.4734159","345.4101502","3849.91244","0|7|20|21"
"4608386","D'Anthony Bell","D'Anthony","Bell","13","26","True","ACTIVE","1160","1160","1160","169.99","15.63714258",,,,"13|14|15|20|21"
"4362619","Chris Rodriguez Jr.","Chris","Rodriguez Jr.","2","30","True","ACTIVE","177","180","199","166.06","72.10913992",,,,"2|3|23|7|20|21"
"3932442","Equanimeous St. Brown","Equanimeous","St. Brown","3","0","True","ACTIVE","1887","1887","1887","169.97",,,,,"3|4|5|23|7|20|21"
"4260224","Jordan Stout","Jordan","Stout","7","19","True","ACTIVE","529","529","529","179.97","252.5345552",,,,"18|20|21"
"4034835","Dicaprio Bootle","Dicaprio","Bootle","12","0","True","QUESTIONABLE","2104","2099","2099","169.96",,,,,"12|14|15|20|21"
"2998565","Mo Alie-Cox","Mo","Alie-Cox","4","11","True","ACTIVE","1077","1077","1077","169.97","37.68120828",,,,"5|6|23|7|20|21"
"4362629","Kelvin Joseph","Kelvin","Joseph","12","0","True","ACTIVE","2064","2059","2059","170.0",,,,,"12|14|15|20|21"
"4362630","Terrace Marshall Jr.","Terrace","Marshall Jr.","3","15","True","ACTIVE","1422","1421","1421","169.99","0.0",,,,"3|4|5|23|7|20|21"
"4432260","Matthew Hibner","Matthew","Hibner","4","33","True","ACTIVE","1259","1258","1258","169.97","11.02062689",,,,"25|5|6|23|7|20|21"
"16710","Khalil Mack","Khalil","Mack","10","24","True","ACTIVE","444","444","444","174.82","116.54278499",,,,"9|11|15|20|21"
"4362628","Ja'Marr Chase","Ja'Marr","Chase","3","4","True","ACTIVE","3","3","9","3.88","409.68202213",,,,"3|4|5|23|7|20|21"
"4911489","Caleb Murphy","Caleb","Murphy","10","19","True","ACTIVE","2294","2289","2289","170.0","0.0",,,,"9|11|15|20|21"
"3055899","Harrison Butker","Harrison","Butker","5","12","True","ACTIVE","249","249","260","145.4","170.40588834",,,,"17|20|21"
"16717","Jimmie Ward","Jimmie","Ward","13","0","True","QUESTIONABLE","1848","1848","1848","170.0",,,,,"13|14|15|20|21"
"4039050","Devin Duvernay","Devin","Duvernay","3","22","True","ACTIVE","1351","1351","1351","169.99","65.35248864",,,,"3|4|5|23|7|20|21"
"4034953","C.J. Gardner-Johnson","C.J.","Gardner-Johnson","13","2","True","ACTIVE","772","772","772","170.09","103.68172759",,,,"13|14|15|20|21"
"4034948","Feleipe Franks","Feleipe","Franks","4","29","True","ACTIVE","1434","1433","1433","170.0",,,,,"5|6|23|7|20|21"
"16720","C.J. Mosley","C.J.","Mosley","11","0","True","ACTIVE","1836","1836","1836","170.0",,,,,"10|15|20|21"
"3051894","Montravius Adams","Montravius","Adams","9","0","True",,"1809","1809","1809","170.0",,,,,"8|11|15|20|21"
"4039043","Collin Johnson","Collin","Johnson","3","0","True","ACTIVE","2001","1997","1997","170.0",,,,,"3|4|5|23|7|20|21"
"4034949","Eddy Pineiro","Eddy","Pineiro","5","25","True","ACTIVE","248","248","259","149.17","182.05464157",,,,"17|20|21"
"3051889","Laquon Treadwell","Laquon","Treadwell","3","11","True","ACTIVE","1366","1366","1366","169.99","0.0",,,,"3|4|5|23|7|20|21"
"3871102","David Sills V","David","Sills V","3","27","True","ACTIVE","1441","1440","1440","169.99",,,,,"3|4|5|23|7|20|21"
"4874509","DJ Giddens","DJ","Giddens","2","11","True","QUESTIONABLE","356","356","377","170.24","38.53198667",,,,"2|3|23|7|20|21"
"4034946","Kyle Trask","Kyle","Trask","1","29","True","ACTIVE","1424","1423","1423","169.99",,,,,"0|7|20|21"
"4686104","Johnny Wilson","Johnny","Wilson","3","21","True","INJURY_RESERVE","1542","1541","1541","170.0",,,,,"3|4|5|23|7|20|21"
"16728","Teddy Bridgewater","Teddy","Bridgewater","1","8","True","ACTIVE","1942","1939","1939","169.96","0.0",,,,"0|7|20|21"
"3068267","Austin Ekeler","Austin","Ekeler","2","0","True","ACTIVE","1914","1913","1913","169.97",,,,,"2|3|23|7|20|21"
"4714771","Drew Allar","Drew","Allar","1","23","True","ACTIVE","1235","1235","1235","169.86","11.18885213","22.98232428","14.91835356","160.3042483","25|0|7|20|21"
"16731","Brandin Cooks","Brandin","Cooks","3","0","True","ACTIVE","1937","1934","1934","169.99",,,,,"3|4|5|23|7|20|21"
"16733","Odell Beckham Jr.","Odell","Beckham Jr.","3","19","True","ACTIVE","1104","1104","1104","169.36","28.43199328",,,,"3|4|5|23|7|20|21"
"3051911","Carl Lawson","Carl","Lawson","10","0","True","ACTIVE","1763","1763","1763","170.0",,,,,"9|11|15|20|21"
"3121544","T.J. Edwards","T.J.","Edwards","11","3","True","ACTIVE","284","284","292","173.83","162.12901796",,,,"10|15|20|21"
"3916148","Tony Pollard","Tony","Pollard","2","10","True","ACTIVE","118","119","122","107.13","196.66509855",,,,"2|3|23|7|20|21"
"4039034","Shane Buechele","Shane","Buechele","1","2","True","ACTIVE","1469","1468","1468","169.99",,,,,"0|7|20|21"
"4043130","Jordyn Brooks","Jordyn","Brooks","11","15","True","QUESTIONABLE","66","66","76","70.77","205.64809269",,,,"10|15|20|21"
"4362523","Will Mallory","Will","Mallory","4","11","True","QUESTIONABLE","1496","1495","1495","169.99",,,,,"5|6|23|7|20|21"
"16734","Jadeveon Clowney","Jadeveon","Clowney","10","34","True","ACTIVE","669","669","669","170.76","84.24628646",,,,"9|11|15|20|21"
"3051909","Daniel Carlson","Daniel","Carlson","5","0","True","ACTIVE","1924","1921","1921","169.96",,,,,"17|20|21"
"16737","Mike Evans","Mike","Evans","3","25","True","QUESTIONABLE","75","87","117","94.0","221.74962491",,,,"3|4|5|23|7|20|21"
"4039029","Khalid Kareem","Khalid","Kareem","10","19","True","ACTIVE","2018","2014","2014","170.0",,,,,"9|11|15|20|21"
"4575517","Kyle Hamilton","Kyle","Hamilton","13","33","True","ACTIVE","156","155","167","130.54","173.05732773",,,,"13|14|15|20|21"
"4039020","Levi Onwuzurike","Levi","Onwuzurike","9","8","True","ACTIVE","1133","1133","1133","169.97","17.51352582",,,,"8|11|15|20|21"
"3916144","Arthur Maulet","Arthur","Maulet","12","0","True","ACTIVE","1821","1821","1821","170.0",,,,,"12|14|15|20|21"
"4428072","Darius Muasau","Darius","Muasau","11","19","True","ACTIVE","1535","1534","1534","169.96","0.0",,,,"10|15|20|21"
"4612387","Felix Anudike-Uzomah","Felix","Anudike-Uzomah","10","12","True","ACTIVE","931","931","931","170.0","49.91341853",,,,"9|11|15|20|21"
"2969944","Deon Bush","Deon","Bush","13","0","True","QUESTIONABLE","1780","1780","1780","170.0",,,,,"13|14|15|20|21"
"4710706","Jadon Canady","Jadon","Canady","12","12","True","ACTIVE","1309","1309","1309","169.99","6.70246647",,,,"12|14|15|20|21"
"2969939","Jameis Winston","Jameis","Winston","1","19","True","ACTIVE","477","477","477","169.93","10.47222202","22.28123818","13.62174159","163.2315763","0|7|20|21"
"2576716","Jamison Crowder","Jamison","Crowder","3","0","True","ACTIVE","1930","1927","1927","170.0",,,,,"3|4|5|23|7|20|21"
"4428080","Gabriel Murphy","Gabriel","Murphy","10","0","True","ACTIVE","2445","2441","2441","169.97",,,,,"9|11|15|20|21"
"3924327","Drew Lock","Drew","Lock","1","26","True","ACTIVE","1280","1280","1280","169.96","9.59476548","21.15494534","12.93513064","134.3097846","0|7|20|21"
"3916126","Duke Shelley","Duke","Shelley","12","0","True","ACTIVE","1865","1865","1865","170.0",,,,,"12|14|15|20|21"
"4256051","Ryan Stonehouse","Ryan","Stonehouse","7","0","True","ACTIVE","2179","2174","2174","169.43",,,,,"18|20|21"
"4710714","De'Zhaun Stribling","De'Zhaun","Stribling","3","25","True","QUESTIONABLE","160","160","189","151.17","158.33641054",,,,"25|3|4|5|23|7|20|21"
"4039007","Taylor Rapp","Taylor","Rapp","13","7","True","ACTIVE","1861","1861","1861","170.0",,,,,"13|14|15|20|21"
"4428085","Luke Musgrave","Luke","Musgrave","4","9","True","OUT","1163","1163","1163","169.94","22.50050154",,,,"5|6|23|7|20|21"
"16757","Derek Carr","Derek","Carr","1","18","True",,"1933","1930","1930","169.97",,,,,"0|7|20|21"
"4039010","Myles Bryant","Myles","Bryant","12","5","True","ACTIVE","970","970","970","169.99","32.63863615",,,,"12|14|15|20|21"
"16760","Jimmy Garoppolo","Jimmy","Garoppolo","1","14","True","ACTIVE","1938","1935","1935","169.97",,,,,"0|7|20|21"
"3051852","Charles Harris","Charles","Harris","10","0","True","ACTIVE","1686","1686","1686","170.0",,,,,"9|11|15|20|21"
"16763","Jordan Matthews","Jordan","Matthews","4","0","True","ACTIVE","1884","1884","1884","170.0",,,,,"5|6|23|7|20|21"
"4038999","Byron Murphy Jr.","Byron","Murphy Jr.","12","16","True","ACTIVE","721","721","721","171.1","110.13671838",,,,"12|14|15|20|21"
"2969961","Rayshawn Jenkins","Rayshawn","Jenkins","13","23","True","ACTIVE","1176","1176","1176","169.98","13.60665189",,,,"13|14|15|20|21"
"4694334","Keyon Martin","Keyon","Martin","12","33","True","ACTIVE","2548","2547","2547","170.0","0.0",,,,"12|14|15|20|21"
"5103940","Skyler Gill-Howard","Skyler","Gill-Howard","9","8","True","ACTIVE","1096","1096","1096","170.0","22.06565162",,,,"25|8|11|15|20|21"
"3051876","Evan Engram","Evan","Engram","4","7","True","ACTIVE","413","412","425","170.02","153.56447759",,,,"5|6|23|7|20|21"
"16772","Kyle Van Noy","Kyle","Van Noy","10","0","True","ACTIVE","1661","1661","1661","170.0",,,,,"9|11|15|20|21"
"4575559","Bralyn Lux","Bralyn","Lux","12","4","True","ACTIVE","2559","2570","2570","170.0",,,,,"12|14|15|20|21"
"4043089","Jalen Thompson","Jalen","Thompson","13","6","True","ACTIVE","562","562","562","175.26","133.87433746",,,,"13|14|15|20|21"
"5144894","Trevor Nowaske","Trevor","Nowaske","10","8","True","ACTIVE","2443","2439","2439","169.98",,,,,"9|11|15|20|21"
"4256074","Khyiris Tonga","Khyiris","Tonga","9","12","True","ACTIVE","937","937","937","169.98","43.67767344",,,,"8|11|15|20|21"
"4243916","Patrick Johnson","Patrick","Johnson","10","13","True","ACTIVE","2094","2089","2089","170.0",,,,,"9|11|15|20|21"
"4432333","Kyle Kennard","Kyle","Kennard","10","24","True","ACTIVE","2487","2485","2485","170.0","0.0",,,,"9|11|15|20|21"
"4710865","Jakobe Thomas","Jakobe","Thomas","13","16","True","QUESTIONABLE","1175","1175","1175","170.0","14.08377977",,,,"25|13|14|15|20|21"
"4567506","Tahj Washington","Tahj","Washington","3","15","True","ACTIVE","1538","1537","1537","169.99","0.0",,,,"3|4|5|23|7|20|21"
"4870612","Zachariah Branch","Zachariah","Branch","3","1","True","ACTIVE","300","300","336","170.79","210.71799071",,,,"25|3|4|5|23|7|20|21"
"4432338","Luke Lachey","Luke","Lachey","4","9","True","ACTIVE","2497","2495","2495","169.94",,,,,"5|6|23|7|20|21"
"4870617","Rueben Bain Jr.","Rueben","Bain Jr.","10","27","True","ACTIVE","603","603","603","171.64","100.01914676",,,,"9|11|15|20|21"
"4428241","Levelle Bailey","Levelle","Bailey","11","7","True","INJURY_RESERVE","2466","2466","2466","170.0",,,,,"10|15|20|21"
"4571597","Matthew Hayball","Matthew","Hayball","7","0","True","ACTIVE","2420","2415","2415","169.9","0.0",,,,"18|20|21"
"4243923","Cameron Sample","Cameron","Sample","10","1","True","ACTIVE","2096","2091","2091","170.0","0.0",,,,"9|11|15|20|21"
"5091793","Charles Demmings","Charles","Demmings","12","16","True","ACTIVE","1307","1307","1307","169.98","6.7883136",,,,"25|12|14|15|20|21"
"4035004","Mecole Hardman Jr.","Mecole","Hardman Jr.","3","2","True","ACTIVE","1384","1384","1384","169.96",,,,,"3|4|5|23|7|20|21"
"4239833","Darious Williams","Darious","Williams","12","0","True",,"1807","1807","1807","170.0",,,,,"12|14|15|20|21"
"12701","Thomas Morstead","Thomas","Morstead","7","0","True","ACTIVE","1670","1670","1670","169.39",,,,,"18|20|21"
"16799","Allen Robinson","Allen","Robinson","3","0","True","ACTIVE","1934","1931","1931","169.99",,,,,"3|4|5|23|7|20|21"
"16800","Davante Adams","Davante","Adams","3","14","True","ACTIVE","32","44","68","46.12","278.91781011",,,,"3|4|5|23|7|20|21"
"4248032","Eric Scott Jr.","Eric","Scott Jr.","12","0","True","ACTIVE","2244","2239","2239","170.0",,,,,"12|14|15|20|21"
"4256224","Claudin Cherelus","Claudin","Cherelus","11","29","True","ACTIVE","758","758","758","169.96","20.73623759",,,,"10|15|20|21"
"16802","DeMarcus Lawrence","DeMarcus","Lawrence","10","26","True","ACTIVE","271","271","282","173.27","128.58624825",,,,"9|11|15|20|21"
"3047876","KhaDarel Hodge","KhaDarel","Hodge","3","25","True","ACTIVE","1377","1377","1377","169.99",,,,,"3|4|5|23|7|20|21"
"3916204","James Proche II","James","Proche II","3","0","True","ACTIVE","2010","2006","2006","170.0",,,,,"3|4|5|23|7|20|21"
"4698598","Toriano Pride Jr.","Toriano","Pride Jr.","12","2","True","ACTIVE","1311","1311","1311","169.94","6.65318012",,,,"25|12|14|15|20|21"
"4698597","Barion Brown","Barion","Brown","3","18","True","ACTIVE","1190","1190","1190","169.96","79.89342448",,,,"25|3|4|5|23|7|20|21"
"4686308","C.J. West","C.J.","West","9","25","True","ACTIVE","878","878","878","170.04","55.73953942",,,,"8|11|15|20|21"
"4567535","Anfernee Orji","Anfernee","Orji","11","19","True","ACTIVE","1552","1551","1551","170.0",,,,,"10|15|20|21"
"4248047","John Ridgeway III","John","Ridgeway III","9","18","True","QUESTIONABLE","1024","1024","1024","170.0","29.60234994",,,,"8|11|15|20|21"
"3051926","Gus Edwards","Gus","Edwards","2","0","True","ACTIVE","1919","1916","1916","169.98",,,,,"2|3|23|7|20|21"
"3051921","Artie Burns","Artie","Burns","12","0","True","QUESTIONABLE","1784","1784","1784","170.0",,,,,"12|14|15|20|21"
"4243956","Reed Blankenship","Reed","Blankenship","13","34","True","ACTIVE","730","730","730","170.44","99.23265341",,,,"13|14|15|20|21"
"3912092","Donald Parham Jr.","Donald","Parham Jr.","4","0","True","ACTIVE","1972","1968","1968","170.0",,,,,"5|6|23|7|20|21"
"4043169","Jeremy Chinn","Jeremy","Chinn","13","13","True","ACTIVE","295","295","303","165.84","137.69565881",,,,"13|14|15|20|21"
"4039064","Malcolm Roach","Malcolm","Roach","9","7","True","ACTIVE","678","678","678","173.29","78.21528194",,,,"8|11|15|20|21"
"5083656","Bilhal Kone","Bilhal","Kone","12","33","True","ACTIVE","2506","2504","2504","170.0",,,,,"12|14|15|20|21"
"4686337","Greedy Vance","Greedy","Vance","12","13","True","ACTIVE","2540","2580","2580","169.97","0.0",,,,"12|14|15|20|21"
"2982313","Tanoh Kpassagnon","Tanoh","Kpassagnon","10","10","True","ACTIVE","1756","1756","1756","169.97",,,,,"9|11|15|20|21"
"4362748","Tyler Badie","Tyler","Badie","2","7","True","ACTIVE","438","438","448","170.06","52.92862502",,,,"2|3|23|7|20|21"
"4428283","De'Antre Prince","De'Antre","Prince","12","3","True","ACTIVE","2389","2384","2384","170.0",,,,,"12|14|15|20|21"
"16831","Brent Urban","Brent","Urban","9","0","True","ACTIVE","1870","1870","1870","170.0",,,,,"8|11|15|20|21"
"4686334","Yaya Diaby","Yaya","Diaby","10","27","True","ACTIVE","433","433","434","174.92","115.58520433",,,,"9|11|15|20|21"
"3051942","Al-Quadin Muhammad","Al-Quadin","Muhammad","10","27","True","ACTIVE","888","888","888","170.02","60.3710627",,,,"9|11|15|20|21"
"4039059","Brandon Jones","Brandon","Jones","13","7","True","ACTIVE","622","622","622","171.84","123.35046703",,,,"13|14|15|20|21"
"4870653","KC Concepcion","KC","Concepcion","3","5","True","ACTIVE","157","157","184","145.16","196.48933512",,,,"25|3|4|5|23|7|20|21"
"3924365","Hayden Hurst","Hayden","Hurst","4","0","True","ACTIVE","1892","1892","1892","169.99",,,,,"5|6|23|7|20|21"
"4034959","Jeremiah Moon","Jeremiah","Moon","10","29","True","ACTIVE","2311","2305","2305","170.0",,,,,"9|11|15|20|21"
"4248068","Aaron Shampklin","Aaron","Shampklin","2","0","True","ACTIVE","2432","2428","2428","169.97",,,,,"2|3|23|7|20|21"
"16837","Shelby Harris","Shelby","Harris","9","19","True","ACTIVE","894","894","894","169.97","55.35132572",,,,"8|11|15|20|21"
"-14001","Falcons Coach","Falcons","Coach","14","1","True",,"553","553","553","170.34","0.35063736",,,,"19|20|21"
"4039057","Lil'Jordan Humphrey","Lil'Jordan","Humphrey","3","7","True","ACTIVE","1395","1395","1395","169.84",,,,,"3|4|5|23|7|20|21"
"-14002","Bills Coach","Bills","Coach","14","2","True",,"208","208","215","139.46","65.55406744",,,,"19|20|21"
"4039052","Jordan Elliott","Jordan","Elliott","9","10","True","ACTIVE","1007","1007","1007","169.98","33.7504296",,,,"8|11|15|20|21"
"-14003","Bears Coach","Bears","Coach","14","3","True",,"347","347","352","171.84","54.58379322",,,,"19|20|21"
"-14004","Bengals Coach","Bengals","Coach","14","4","True",,"309","309","317","173.07","69.29119278",,,,"19|20|21"
"4362759","Nick Bolton","Nick","Bolton","11","12","True","ACTIVE","130","130","136","110.2","191.98050361",,,,"10|15|20|21"
"-14005","Browns Coach","Browns","Coach","14","5","True",,"555","555","555","168.99","8.38427454",,,,"19|20|21"
"-14006","Cowboys Coach","Cowboys","Coach","14","6","True",,"194","194","202","140.83","72.41020626",,,,"19|20|21"
"-14007","Broncos Coach","Broncos","Coach","14","7","True",,"224","224","235","154.96","79.66014829",,,,"19|20|21"
"-14008","Lions Coach","Lions","Coach","14","8","True",,"216","216","223","138.43","95.43952941",,,,"19|20|21"
"-14009","Packers Coach","Packers","Coach","14","9","True",,"334","334","339","173.13","57.02341783",,,,"19|20|21"
"4362636","Damone Clark","Damone","Clark","11","8","True","ACTIVE","2168","2163","2163","170.03","0.0",,,,"10|15|20|21"
"-14010","Titans Coach","Titans","Coach","14","10","True",,"557","557","557","169.57","-12.48283852",,,,"19|20|21"
"-14011","Colts Coach","Colts","Coach","14","11","True",,"420","420","421","172.56","36.45684712",,,,"19|20|21"
"-14012","Chiefs Coach","Chiefs","Coach","14","12","True",,"264","264","275","167.39","64.93102762",,,,"19|20|21"
"-14013","Raiders Coach","Raiders","Coach","14","13","True",,"556","556","556","169.6","-14.9432802",,,,"19|20|21"
"4047365","Josh Jacobs","Josh","Jacobs","2","9","True","QUESTIONABLE","30","30","57","36.79","274.53381277",,,,"2|3|23|7|20|21"
"-14014","Rams Coach","Rams","Coach","14","14","True",,"178","178","186","101.68","113.60899282",,,,"19|20|21"
"-14015","Dolphins Coach","Dolphins","Coach","14","15","True",,"559","559","559","168.68","-47.4321991",,,,"19|20|21"
"-14016","Vikings Coach","Vikings","Coach","14","16","True",,"481","481","481","171.14","28.19001827",,,,"19|20|21"
"4039170","Elijah Garcia","Elijah","Garcia","9","29","True","ACTIVE","1198","1198","1198","170.0","10.56124938",,,,"8|11|15|20|21"
"-14017","Patriots Coach","Patriots","Coach","14","17","True",,"323","323","328","169.97","65.16522649",,,,"19|20|21"
"4723086","Colston Loveland","Colston","Loveland","4","3","True","ACTIVE","50","50","80","45.02","290.34113002",,,,"5|6|23|7|20|21"
"-14018","Saints Coach","Saints","Coach","14","18","True",,"499","499","499","171.08","30.307601",,,,"19|20|21"
"4039164","Myles Adams","Myles","Adams","9","8","True","ACTIVE","2114","2109","2109","169.97",,,,,"8|11|15|20|21"
"-14019","Giants Coach","Giants","Coach","14","19","True",,"439","439","439","170.36","22.5820748",,,,"19|20|21"
"-14020","Jets Coach","Jets","Coach","14","20","True",,"521","521","521","169.82","24.62992975",,,,"19|20|21"
"-14021","Eagles Coach","Eagles","Coach","14","21","True",,"231","231","242","158.72","80.06337648",,,,"19|20|21"
"12762","Michael Bennett","Michael","Bennett","10","6","True",,"1651","1651","1651","170.0",,,,,"9|11|15|20|21"
"-14022","Cardinals Coach","Cardinals","Coach","14","22","True",,"558","558","558","169.25","-31.9500419",,,,"19|20|21"
"3895798","Jordan Whitehead","Jordan","Whitehead","13","0","True","ACTIVE","1751","1751","1751","169.99",,,,,"13|14|15|20|21"
"4039160","Kylen Granson","Kylen","Granson","4","10","True","ACTIVE","1431","1430","1430","170.0",,,,,"5|6|23|7|20|21"
"5157289","Jermod McCoy","Jermod","McCoy","12","13","True","ACTIVE","968","968","968","169.96","38.66559305",,,,"25|12|14|15|20|21"
"-14023","Steelers Coach","Steelers","Coach","14","23","True",,"407","407","408","172.11","45.43218175",,,,"19|20|21"
"-14024","Chargers Coach","Chargers","Coach","14","24","True",,"245","245","256","169.78","57.40297338",,,,"19|20|21"
"-14025","49ers Coach","49ers","Coach","14","25","True",,"291","291","299","171.36","57.77385487",,,,"19|20|21"
"2978313","Shaq Thompson","Shaq","Thompson","11","0","True","ACTIVE","1712","1712","1712","170.0",,,,,"10|15|20|21"
"-14026","Seahawks Coach","Seahawks","Coach","14","26","True",,"186","186","194","119.97","82.78604001",,,,"19|20|21"
"16863","Pat O'Donnell","Pat","O'Donnell","7","0","True","ACTIVE","1824","1824","1824","169.79",,,,,"18|20|21"
"-14027","Buccaneers Coach","Buccaneers","Coach","14","27","True",,"394","394","395","172.78","49.52537528",,,,"19|20|21"
"-14028","Commanders Coach","Commanders","Coach","14","28","True",,"462","462","462","170.72","12.31113182",,,,"19|20|21"
"-14029","Panthers Coach","Panthers","Coach","14","29","True",,"538","538","538","170.59","3.15117247",,,,"19|20|21"
"-14030","Jaguars Coach","Jaguars","Coach","14","30","True",,"360","360","365","173.54","43.50456923",,,,"19|20|21"
"4686248","Nate Boerkircher","Nate","Boerkircher","4","30","True","ACTIVE","1145","1145","1145","169.97","25.26886148",,,,"25|5|6|23|7|20|21"
"-14033","Ravens Coach","Ravens","Coach","14","33","True",,"201","201","209","141.17","88.36728021",,,,"19|20|21"
"-14034","Texans Coach","Texans","Coach","14","34","True",,"373","373","378","173.58","57.92141927",,,,"19|20|21"
"4424106","Gunner Olszewski","Gunner","Olszewski","3","19","True","INJURY_RESERVE","1396","1396","1396","169.98","0.0",,,,"3|4|5|23|7|20|21"
"5091739","Chris Brazzell II","Chris","Brazzell II","3","29","True","INJURY_RESERVE","1631","1631","1631","169.99","0.0",,,,"25|3|4|5|23|7|20|21"
"4567462","Ja'Quan McMillian","Ja'Quan","McMillian","12","7","True","ACTIVE","796","796","796","170.56","111.9337528",,,,"12|14|15|20|21"
"3895791","Dane Jackson","Dane","Jackson","12","30","True","ACTIVE","2020","2016","2016","170.0",,,,,"12|14|15|20|21"
"4571557","Spencer Shrader","Spencer","Shrader","5","11","True","ACTIVE","2477","2481","2481","169.87","0.0",,,,"17|20|21"
"4432301","Kris Jenkins Jr.","Kris","Jenkins Jr.","9","4","True","ACTIVE","1157","1157","1157","170.0","14.31715694",,,,"8|11|15|20|21"
"4575665","Jacob Cowing","Jacob","Cowing","3","25","True","ACTIVE","1349","1349","1349","169.99","57.2929246",,,,"3|4|5|23|7|20|21"
"5095865","Shavon Revel Jr.","Shavon","Revel Jr.","12","6","True","ACTIVE","922","922","922","170.09","56.82837832",,,,"12|14|15|20|21"
"4428209","Ricky Pearsall","Ricky","Pearsall","3","25","True","INJURY_RESERVE","1525","1524","1524","169.93","0.0",,,,"3|4|5|23|7|20|21"
"4567480","Damarion Williams","Damarion","Williams","12","27","True","ACTIVE","2142","2137","2137","170.0",,,,,"12|14|15|20|21"
"4567482","Gervarrius Owens","Gervarrius","Owens","13","0","True","QUESTIONABLE","2240","2235","2235","170.0",,,,,"13|14|15|20|21"
"4686273","Quinyon Mitchell","Quinyon","Mitchell","12","21","True","ACTIVE","739","739","739","170.34","135.19977145",,,,"12|14|15|20|21"
"4870598","CJ Allen","CJ","Allen","11","11","True","ACTIVE","620","620","620","171.35","110.57683562",,,,"25|10|15|20|21"
"3121634","Khalen Saunders","Khalen","Saunders","9","10","True","ACTIVE","1833","1833","1833","170.0",,,,,"8|11|15|20|21"
"4710855","Konata Mumpfield","Konata","Mumpfield","3","14","True","ACTIVE","1064","1064","1064","169.96","34.30051506",,,,"3|4|5|23|7|20|21"
"4030924","Elerson G. Smith","Elerson G.","Smith","10","5","True",,"2086","2081","2081","170.0",,,,,"9|11|15|20|21"
"4035020","Charlie Woerner","Charlie","Woerner","4","1","True","ACTIVE","1272","1272","1272","169.99","10.9250877",,,,"5|6|23|7|20|21"
"3039707","Mitchell Trubisky","Mitchell","Trubisky","1","10","True","QUESTIONABLE","1284","1284","1284","169.97","9.13273461","23.54485776","15.02648626","154.2233823","0|7|20|21"
"4428232","Dell Pettus","Dell","Pettus","13","17","True","ACTIVE","976","976","976","169.98","35.74654946",,,,"13|14|15|20|21"
"4239947","Isaiah McDuffie","Isaiah","McDuffie","11","9","True","ACTIVE","797","797","797","169.93","12.10744465",,,,"10|15|20|21"
"16910","DaQuan Jones","DaQuan","Jones","9","0","True","ACTIVE","1685","1685","1685","170.0",,,,,"8|11|15|20|21"
"4244049","Quintin Morris","Quintin","Morris","4","30","True","ACTIVE","1467","1466","1466","169.99","0.0",,,,"5|6|23|7|20|21"
"3859006","Ronnie Harrison Jr.","Ronnie","Harrison Jr.","11","15","True","QUESTIONABLE","1729","1729","1729","169.96","0.0",,,,"10|15|20|21"
"4686422","Xavier Hutchinson","Xavier","Hutchinson","3","34","True","ACTIVE","371","371","397","170.22","80.08522974",,,,"3|4|5|23|7|20|21"
"4047422","Tanner Conner","Tanner","Conner","4","19","True","ACTIVE","1468","1467","1467","169.99",,,,,"5|6|23|7|20|21"
"4362840","Kingsley Enagbare","Kingsley","Enagbare","10","20","True","ACTIVE","947","947","947","170.0","46.7510617",,,,"9|11|15|20|21"
"4600415","Mike Hall Jr.","Mike","Hall Jr.","9","5","True","ACTIVE","1090","1090","1090","169.98","23.25467807",,,,"8|11|15|20|21"
"5083754","Ryan Flournoy","Ryan","Flournoy","3","6","True","ACTIVE","293","293","335","170.82","107.52373184",,,,"3|4|5|23|7|20|21"
"3052101","Chidobe Awuzie","Chidobe","Awuzie","12","33","True","ACTIVE","879","879","879","170.08","83.44309986",,,,"12|14|15|20|21"
"4362847","Jaycee Horn","Jaycee","Horn","12","29","True","ACTIVE","853","853","853","169.91","93.75562151",,,,"12|14|15|20|21"
"4428383","Chris Roland-Wallace","Chris","Roland-Wallace","13","12","True","ACTIVE","1264","1264","1264","170.0","8.52242164",,,,"13|14|15|20|21"
"4362851","Ernest Jones IV","Ernest","Jones IV","11","26","True","ACTIVE","233","233","244","155.52","171.79725477",,,,"10|15|20|21"
"4698728","Domonique Orange","Domonique","Orange","9","16","True","ACTIVE","1021","1021","1021","170.0","32.37044212",,,,"25|8|11|15|20|21"
"3052096","Johnny Mundt","Johnny","Mundt","4","21","True","ACTIVE","1274","1274","1274","169.99","10.65422216",,,,"5|6|23|7|20|21"
"4035115","Albert Okwuegbunam Jr.","Albert","Okwuegbunam Jr.","4","13","True","ACTIVE","1408","1408","1408","169.97",,,,,"5|6|23|7|20|21"
"4362858","Darius Rush","Darius","Rush","12","28","True","ACTIVE","2226","2221","2221","170.0",,,,,"12|14|15|20|21"
"3895856","Christian Kirk","Christian","Kirk","3","25","True","QUESTIONABLE","1023","1023","1023","169.94","44.39998678",,,,"3|4|5|23|7|20|21"
"4362855","Israel Mukuamu","Israel","Mukuamu","13","23","True","QUESTIONABLE","2078","2073","2073","169.91",,,,,"13|14|15|20|21"
"4428396","Hayden Rucci","Hayden","Rucci","4","25","True","ACTIVE","1620","1617","1617","170.0",,,,,"5|6|23|7|20|21"
"3052056","River Cracraft","River","Cracraft","3","0","True","QUESTIONABLE","1368","1368","1368","169.98",,,,,"3|4|5|23|7|20|21"
"4596334","Keaton Mitchell","Keaton","Mitchell","2","24","True","ACTIVE","202","200","219","168.77","189.18661736",,,,"2|3|23|7|20|21"
"4366963","Dylan Laube","Dylan","Laube","2","13","True","ACTIVE","436","436","443","170.08","125.62720862",,,,"2|3|23|7|20|21"
"4575860","Robert Longerbeam","Robert","Longerbeam","12","33","True","ACTIVE","2507","2505","2505","169.97",,,,,"12|14|15|20|21"
"3895841","Mike Hughes","Mike","Hughes","12","1","True","ACTIVE","784","784","784","170.48","107.75573412",,,,"12|14|15|20|21"
"4711029","Isaiah Bolden","Isaiah","Bolden","12","21","True","ACTIVE","2248","2243","2243","169.96",,,,,"12|14|15|20|21"
"4239993","Tee Higgins","Tee","Higgins","3","4","True","ACTIVE","47","47","82","55.79","264.71183716",,,,"3|4|5|23|7|20|21"
"4383351","Trey Lance","Trey","Lance","1","24","True","ACTIVE","1236","1236","1236","169.98","11.39519411","22.43667877","13.226581","147.5083263","0|7|20|21"
"4239995","A.J. Terrell Jr.","A.J.","Terrell Jr.","12","1","True","ACTIVE","607","607","607","174.21","138.35381369",,,,"12|14|15|20|21"
"4428414","Mike Sainristil","Mike","Sainristil","12","28","True","ACTIVE","685","685","685","172.15","122.36790899",,,,"12|14|15|20|21"
"4239996","Travis Etienne Jr.","Travis","Etienne Jr.","2","18","True","ACTIVE","38","38","61","44.15","266.67894293",,,,"2|3|23|7|20|21"
"4239997","Baylon Spector","Baylon","Spector","11","30","True","ACTIVE","2145","2140","2140","170.0",,,,,"10|15|20|21"
"2576925","Darren Waller","Darren","Waller","4","29","True","ACTIVE","365","366","392","170.25","159.52679341",,,,"5|6|23|7|20|21"
"4686472","Marvin Mims Jr.","Marvin","Mims Jr.","3","7","True","ACTIVE","369","369","394","170.15","200.0798692",,,,"3|4|5|23|7|20|21"
"16967","Shaquil Barrett","Shaquil","Barrett","10","0","True","ACTIVE","1838","1838","1838","170.0",,,,,"9|11|15|20|21"
"4686470","Perrion Winfrey","Perrion","Winfrey","9","0","True","ACTIVE","2174","2169","2169","170.0",,,,,"8|11|15|20|21"
"3052059","Daniel Ekuale","Daniel","Ekuale","9","0","True","QUESTIONABLE","1965","1961","1961","170.0",,,,,"8|11|15|20|21"
"4362887","Justin Fields","Justin","Fields","1","12","True","ACTIVE","452","452","334","169.94","12.51128192","20.57511189","12.83317399","140.525896","0|7|20|21"
"4686468","Seth McGowan","Seth","McGowan","2","11","True","ACTIVE","402","402","413","170.17","16.4111633",,,,"25|2|3|23|7|20|21"
"4039303","Ed Oliver","Ed","Oliver","9","2","True","ACTIVE","573","573","573","172.68","104.56086416",,,,"8|11|15|20|21"
"4686361","Cam Little","Cam","Little","5","30","True","ACTIVE","251","251","262","140.11","171.52319571",,,,"17|20|21"
"4035198","Brandon Johnson","Brandon","Johnson","3","13","True","ACTIVE","1478","1477","1477","170.0",,,,,"3|4|5|23|7|20|21"
"3052170","Kevin King","Kevin","King","12","0","True","QUESTIONABLE","1748","1748","1748","170.0",,,,,"12|14|15|20|21"
"3961466","Matthew Judon","Matthew","Judon","10","0","True","ACTIVE","1709","1709","1709","170.0",,,,,"9|11|15|20|21"
"3916409","Jonathan Greenard","Jonathan","Greenard","10","21","True","OUT","254","254","265","175.29","136.95086575",,,,"9|11|15|20|21"
"4878878","Amar Johnson","Amar","Johnson","2","24","True","ACTIVE","1624","1618","1618","169.99",,,,,"2|3|23|7|20|21"
"4039278","Tarvarius Moore","Tarvarius","Moore","13","0","True","ACTIVE","1739","1739","1739","170.0",,,,,"13|14|15|20|21"
"4260394","Aidan O'Connell","Aidan","O'Connell","1","13","True","ACTIVE","1501","1500","1500","169.98","0.0",,,,"0|7|20|21"
"4428328","Deonte Banks","Deonte","Banks","12","19","True","ACTIVE","1297","1297","1297","169.94","51.43576948",,,,"12|14|15|20|21"
"4039274","Jonathan Ward","Jonathan","Ward","2","33","True","ACTIVE","1416","1415","1415","169.98",,,,,"2|3|23|7|20|21"
"4870707","Keldric Faulk","Keldric","Faulk","10","10","True","QUESTIONABLE","818","818","818","170.16","70.75047951",,,,"9|11|15|20|21"
"3916387","Lamar Jackson","Lamar","Jackson","1","33","True","ACTIVE","58","58","5","38.57","374.96481293","466.6446326","302.842837","3887.512262","0|7|20|21"
"4428331","Rashee Rice","Rashee","Rice","3","12","True","ACTIVE","16","16","30","22.12","326.82715198",,,,"3|4|5|23|7|20|21"
"4035170","Marquez Callaway","Marquez","Callaway","3","0","True","ACTIVE","2023","2018","2018","170.0",,,,,"3|4|5|23|7|20|21"
"4870706","Caleb Downs","Caleb","Downs","13","6","True","ACTIVE","595","595","595","170.49","129.6200537",,,,"25|13|14|15|20|21"
"2576980","Marcus Mariota","Marcus","Mariota","1","28","True","QUESTIONABLE","484","484","484","169.99","12.14313111","22.60176213","14.29700706","166.0581479","0|7|20|21"
"4260409","Derrick Barnes","Derrick","Barnes","11","8","True","ACTIVE","617","617","617","170.96","113.21152849",,,,"10|15|20|21"
"4428343","Ricky Barber","Ricky","Barber","9","28","True","ACTIVE","2563","2564","2564","170.0",,,,,"8|11|15|20|21"
"4428350","Quincy Riley","Quincy","Riley","12","18","True","QUESTIONABLE","948","948","948","170.0","54.53840228",,,,"12|14|15|20|21"
"4239934","AJ Dillon","AJ","Dillon","2","29","True","ACTIVE","1404","1404","1404","169.96",,,,,"2|3|23|7|20|21"
"4039254","Kyzir White","Kyzir","White","11","0","True","ACTIVE","1707","1707","1707","169.98",,,,,"10|15|20|21"
"2970204","Sheldon Rankins","Sheldon","Rankins","9","34","True","ACTIVE","898","898","898","169.98","52.39396528",,,,"8|11|15|20|21"
"3916370","Jack Fox","Jack","Fox","7","8","True","ACTIVE","540","540","540","170.64","229.17193749",,,,"18|20|21"
"4239944","Hunter Long","Hunter","Long","4","30","True","ACTIVE","1426","1425","1425","169.99","0.0",,,,"5|6|23|7|20|21"
"3060403","Chris Board","Chris","Board","11","0","True","QUESTIONABLE","1772","1772","1772","170.0",,,,,"10|15|20|21"
"4686540","Tyrice Knight","Tyrice","Knight","11","26","True","ACTIVE","698","698","698","169.99","39.37460928",,,,"10|15|20|21"
"4383440","Nate Adkins","Nate","Adkins","4","7","True","ACTIVE","1142","1142","1142","169.98","25.44044471",,,,"5|6|23|7|20|21"
"4612826","Ladd McConkey","Ladd","McConkey","3","24","True","ACTIVE","48","45","69","50.72","276.28464397",,,,"3|4|5|23|7|20|21"
"4686553","Tre Hawkins III","Tre","Hawkins III","12","0","True","ACTIVE","2274","2269","2269","169.98",,,,,"12|14|15|20|21"
"4596439","Dominic Lovett","Dominic","Lovett","3","8","True","ACTIVE","1586","1586","1586","169.98",,,,,"3|4|5|23|7|20|21"
"2577078","Quinton Jefferson","Quinton","Jefferson","9","8","True","ACTIVE","1684","1684","1684","169.97",,,,,"8|11|15|20|21"
"4039358","Patrick Taylor Jr.","Patrick","Taylor Jr.","2","25","True","INJURY_RESERVE","1438","1437","1437","169.98",,,,,"2|3|23|7|20|21"
"4428503","JL Skinner","JL","Skinner","13","7","True","ACTIVE","1330","1330","1330","170.0","3.96367141",,,,"13|14|15|20|21"
"4870886","TJ Parker","TJ","Parker","10","2","True","ACTIVE","1079","1079","1079","169.98","25.03385085",,,,"9|11|15|20|21"
"4334300","Dennis Gardeck","Dennis","Gardeck","10","30","True","ACTIVE","814","814","814","170.13","75.04359045",,,,"9|11|15|20|21"
"4596448","Bucky Irving","Bucky","Irving","2","27","True","ACTIVE","42","42","74","53.82","223.14113466",,,,"2|3|23|7|20|21"
"4428512","Kedon Slovis","Kedon","Slovis","1","22","True","ACTIVE","1609","1614","1614","169.99",,,,,"0|7|20|21"
"4428522","Tykee Smith","Tykee","Smith","13","27","True","ACTIVE","203","203","211","147.45","180.34795318",,,,"13|14|15|20|21"
"4035245","Nnamdi Madubuike","Nnamdi","Madubuike","9","33","True","QUESTIONABLE","600","600","600","174.69","101.90276264",,,,"8|11|15|20|21"
"4612836","Darrell Jackson Jr.","Darrell","Jackson Jr.","9","20","True","ACTIVE","1181","1181","1181","170.0","11.91256542",,,,"25|8|11|15|20|21"
"4035239","Braden Mann","Braden","Mann","7","21","True","ACTIVE","550","550","550","171.0","221.91066582",,,,"18|20|21"
"4432620","Parker Washington","Parker","Washington","3","30","True","QUESTIONABLE","87","76","111","95.33","258.06868724",,,,"3|4|5|23|7|20|21"
"3052177","John Ross","John","Ross","3","0","True","ACTIVE","1906","2483","2483","169.96",,,,,"3|4|5|23|7|20|21"
"4035232","Tyrel Dodson","Tyrel","Dodson","11","15","True","ACTIVE","608","608","608","172.24","113.14027029",,,,"10|15|20|21"
"4870893","Kayden McDonald","Kayden","McDonald","9","34","True","ACTIVE","991","991","991","170.0","38.69891528",,,,"25|8|11|15|20|21"
"4428532","Ainias Smith","Ainias","Smith","3","29","True","ACTIVE","2373","2368","2368","169.99",,,,,"3|4|5|23|7|20|21"
"4682488","Dalton Johnson","Dalton","Johnson","13","13","True","ACTIVE","1298","1298","1298","170.0","6.85633815",,,,"25|13|14|15|20|21"
"4911851","LeQuint Allen Jr.","LeQuint","Allen Jr.","2","30","True","QUESTIONABLE","349","349","362","170.36","138.59339481",,,,"2|3|23|7|20|21"
"2974348","Dean Lowry","Dean","Lowry","9","23","True","ACTIVE","1758","1758","1758","170.0",,,,,"8|11|15|20|21"
"4240123","Larrell Murchison","Larrell","Murchison","9","14","True","ACTIVE","2008","2004","2004","170.0",,,,,"8|11|15|20|21"
"4596480","Jordan Hancock","Jordan","Hancock","13","2","True","ACTIVE","1083","1083","1083","169.94","23.05296391",,,,"13|14|15|20|21"
"4240128","Trenton Gill","Trenton","Gill","7","0","True","ACTIVE","2177","2172","2172","169.66","0.0",,,,"18|20|21"
"4035222","Trayveon Williams","Trayveon","Williams","2","8","True","ACTIVE","1379","1379","1379","169.96",,,,,"2|3|23|7|20|21"
"3916430","Nyheim Hines","Nyheim","Hines","2","0","True","ACTIVE","1893","1893","1893","170.0",,,,,"2|3|23|7|20|21"
"4379397","Tyson Campbell","Tyson","Campbell","12","5","True","ACTIVE","414","414","414","173.13","161.77549206",,,,"12|14|15|20|21"
"4428550","Omar Speights","Omar","Speights","11","14","True","ACTIVE","638","638","638","170.74","87.63423802",,,,"10|15|20|21"
"3863182","Jerry Tillery","Jerry","Tillery","9","11","True","ACTIVE","1193","1193","1193","170.0","10.92874619",,,,"8|11|15|20|21"
"4428548","Javon Solomon","Javon","Solomon","10","2","True","ACTIVE","2390","2385","2385","170.0","0.0",,,,"9|11|15|20|21"
"4379396","Jake Camarda","Jake","Camarda","7","0","True","ACTIVE","2128","2123","2123","169.75",,,,,"18|20|21"
"4379401","John FitzPatrick","John","FitzPatrick","4","0","True","QUESTIONABLE","2137","2132","2132","169.99",,,,,"5|6|23|7|20|21"
"3916433","Jakobi Meyers","Jakobi","Meyers","3","30","True","QUESTIONABLE","106","92","127","113.22","220.02087773",,,,"3|4|5|23|7|20|21"
"4379399","James Cook III","James","Cook III","2","2","True","ACTIVE","12","12","25","12.44","295.65015101",,,,"2|3|23|7|20|21"
"4870805","Anthony Hill Jr.","Anthony","Hill Jr.","11","10","True","ACTIVE","683","683","683","170.14","44.03140028",,,,"25|10|15|20|21"
"4362895","Nathaniel Watson","Nathaniel","Watson","11","5","True","ACTIVE","2400","2395","2395","169.95",,,,,"10|15|20|21"
"4596363","Kamren Kinchens","Kamren","Kinchens","13","14","True","ACTIVE","733","733","733","170.27","104.38435174",,,,"13|14|15|20|21"
"4870808","Jeremiyah Love","Jeremiyah","Love","2","22","True","QUESTIONABLE","20","15","38","22.55","306.56190771",,,,"25|2|3|23|7|20|21"
"4240021","Cam Akers","Cam","Akers","2","0","True","ACTIVE","1974","1970","1970","169.98",,,,,"2|3|23|7|20|21"
"4870795","Makai Lemon","Makai","Lemon","3","21","True","ACTIVE","154","156","183","142.86","234.28414531",,,,"25|3|4|5|23|7|20|21"
"4362910","Jaden Crumedy","Jaden","Crumedy","9","9","True","ACTIVE","2401","2396","2396","170.0",,,,,"8|11|15|20|21"
"4629149","Tyrion Ingram-Dawkins","Tyrion","Ingram-Dawkins","10","16","True","ACTIVE","902","902","902","170.01","53.9318695",,,,"9|11|15|20|21"
"4362911","Cameron Young","Cameron","Young","9","0","True","ACTIVE","2245","2240","2240","170.0",,,,,"8|11|15|20|21"
"4039413","Alohi Gilman","Alohi","Gilman","13","12","True","QUESTIONABLE","565","565","565","174.47","137.04321115",,,,"13|14|15|20|21"
"4035312","Anthony Brown Jr.","Anthony","Brown Jr.","1","0","True","ACTIVE","2193","2189","2189","169.98",,,,,"0|7|20|21"
"4383396","Hunter Luepke","Hunter","Luepke","2","6","True","ACTIVE","1098","1098","1098","169.96","27.68669637",,,,"2|3|23|7|20|21"
"4362921","Tyquan Thornton","Tyquan","Thornton","3","12","True","ACTIVE","332","332","357","170.42","92.89088712",,,,"3|4|5|23|7|20|21"
"4240042","Cory Durden","Cory","Durden","9","17","True","ACTIVE","969","969","969","169.95","41.27780029",,,,"8|11|15|20|21"
"3932905","Diontae Johnson","Diontae","Johnson","3","0","True","ACTIVE","1895","1895","1895","169.99",,,,,"3|4|5|23|7|20|21"
"4039396","Corey Bojorquez","Corey","Bojorquez","7","5","True","ACTIVE","524","524","524","152.25","279.49400903",,,,"18|20|21"
"4035299","Benito Jones","Benito","Jones","9","0","True","ACTIVE","2045","2044","2044","169.98","0.0",,,,"8|11|15|20|21"
"4608686","Kyle Monangai","Kyle","Monangai","2","3","True","QUESTIONABLE","131","131","166","128.37","187.33740851",,,,"2|3|23|7|20|21"
"3932901","Elijah Campbell","Elijah","Campbell","13","19","True","ACTIVE","1415","1417","1417","170.0",,,,,"13|14|15|20|21"
"4240059","Ja'Marcus Ingram","Ja'Marcus","Ingram","12","34","True","QUESTIONABLE","2201","2197","2197","170.0",,,,,"12|14|15|20|21"
"4432571","Tarheeb Still","Tarheeb","Still","12","24","True","ACTIVE","709","709","709","170.87","119.53890238",,,,"12|14|15|20|21"
"4432577","C.J. Stroud","C.J.","Stroud","1","34","True","ACTIVE","276","276","138","165.42","289.59352009","550.7801694","351.3339744","3950.085296","0|7|20|21"
"3932886","Sean Murphy-Bunting","Sean","Murphy-Bunting","12","22","True","ACTIVE","974","974","974","170.0","37.05421207",,,,"12|14|15|20|21"
"4383429","Jacob Saylors","Jacob","Saylors","2","8","True","ACTIVE","456","456","456","169.98","65.05087752",,,,"2|3|23|7|20|21"
"3056354","Antonio Hamilton Sr.","Antonio","Hamilton Sr.","12","28","True","ACTIVE","1799","1799","1799","170.0",,,,,"12|14|15|20|21"
"4039375","Bryce Huff","Bryce","Huff","10","0","True",,"2028","2045","2045","169.98",,,,,"9|11|15|20|21"
"4240069","Malik Cunningham","Malik","Cunningham","3","8","True","ACTIVE","1509","1508","1508","169.99",,,,,"3|4|5|23|7|20|21"
"2978524","Christian Kuntz","Christian","Kuntz","11","23","True","ACTIVE","2583","2579","2579","170.0",,,,,"10|15|20|21"
"4240071","Russ Yeast","Russ","Yeast","13","4","True","ACTIVE","2153","2148","2148","169.96",,,,,"13|14|15|20|21"
"4702918","Chandler Rivers","Chandler","Rivers","12","33","True","ACTIVE","1310","1310","1310","169.99","6.69847268",,,,"25|12|14|15|20|21"
"4567747","Garrett Nussmeier","Garrett","Nussmeier","1","12","True","ACTIVE","1642","1645","1645","169.98",,,,,"25|0|7|20|21"
"4567750","Emeka Egbuka","Emeka","Egbuka","3","27","True","QUESTIONABLE","33","43","67","47.79","277.89961326",,,,"3|4|5|23|7|20|21"
"4870847","Ja'Kobi Lane","Ja'Kobi","Lane","3","33","True","ACTIVE","270","270","312","167.18","121.29482889",,,,"25|3|4|5|23|7|20|21"
"4244300","Dominique Robinson","Dominique","Robinson","10","34","True","QUESTIONABLE","995","995","995","170.03","39.43616789",,,,"9|11|15|20|21"
"4870998","Josiah Trotter","Josiah","Trotter","11","27","True","ACTIVE","692","692","692","170.2","42.10450698",,,,"25|10|15|20|21"
"4432715","Landon Jackson","Landon","Jackson","9","2","True","ACTIVE","1052","1052","1052","170.0","28.06087443",,,,"8|11|15|20|21"
"4432722","Athan Kaliakmanis","Athan","Kaliakmanis","1","28","True","ACTIVE","1640","1642","1642","169.98",,,,,"25|0|7|20|21"
"4367186","Chase Cota","Chase","Cota","3","0","True","ACTIVE","2289","2284","2284","169.99",,,,,"3|4|5|23|7|20|21"
"4879194","Josh Cameron","Josh","Cameron","3","30","True","ACTIVE","1357","1357","1357","169.98","5.93940346",,,,"25|3|4|5|23|7|20|21"
"3699530","Khalil Davis","Khalil","Davis","9","0","True","ACTIVE","2019","2015","2015","170.0",,,,,"8|11|15|20|21"
"4244310","Mike Brown","Mike","Brown","13","17","True","ACTIVE","1183","1183","1183","170.04","12.2450906",,,,"13|14|15|20|21"
"4870988","Avieon Terrell","Avieon","Terrell","12","1","True","ACTIVE","962","962","962","169.95","42.59006657",,,,"25|12|14|15|20|21"
"4363097","Percy Butler","Percy","Butler","12","28","True","ACTIVE","1158","1158","1158","170.0","15.58380015",,,,"12|14|15|20|21"
"4432730","Jason Marshall Jr.","Jason","Marshall Jr.","12","15","True","ACTIVE","859","859","859","170.06","91.70955099",,,,"12|14|15|20|21"
"4428633","Dadrion Taylor-Demerson","Dadrion","Taylor-Demerson","13","22","True","QUESTIONABLE","637","637","637","170.52","127.77981991",,,,"13|14|15|20|21"
"4039485","Jack Heflin","Jack","Heflin","9","20","True","ACTIVE","1439","1438","1438","170.0",,,,,"8|11|15|20|21"
"4911952","Keyshaun Elliott","Keyshaun","Elliott","11","3","True","OUT","2607","2586","2586","170.0",,,,,"25|10|15|20|21"
"4363101","Eric Garror","Eric","Garror","12","0","True","ACTIVE","2348","2306","2306","170.0",,,,,"12|14|15|20|21"
"4432734","Jalen Milroe","Jalen","Milroe","1","26","True","ACTIVE","1571","1571","1571","169.97",,,,,"0|7|20|21"
"4432731","Moliki Matavao","Moliki","Matavao","4","18","True","QUESTIONABLE","1587","1587","1587","170.0",,,,,"5|6|23|7|20|21"
"4260703","Segun Olubi","Segun","Olubi","11","13","True","ACTIVE","2296","2291","2291","170.0",,,,,"10|15|20|21"
"4715355","Darius Cooper","Darius","Cooper","3","21","True","ACTIVE","1263","1263","1263","169.97","9.24220889",,,,"3|4|5|23|7|20|21"
"2511690","Carl Davis Jr.","Carl","Davis Jr.","9","0","True","ACTIVE","1885","1885","1885","170.0",,,,,"8|11|15|20|21"
"3916587","Tyler Mabry","Tyler","Mabry","4","0","True","QUESTIONABLE","2118","2113","2113","170.0",,,,,"5|6|23|7|20|21"
"4367209","Greg Dulcich","Greg","Dulcich","4","15","True","ACTIVE","366","365","391","170.39","172.32936893",,,,"5|6|23|7|20|21"
"4367210","Otito Ogbonnia","Otito","Ogbonnia","9","6","True","ACTIVE","1005","1005","1005","169.97","34.38873522",,,,"8|11|15|20|21"
"4248425","Carlos Washington Jr.","Carlos","Washington Jr.","2","15","True","ACTIVE","1557","1557","1557","169.99",,,,,"2|3|23|7|20|21"
"4047655","Jaylon Jones","Jaylon","Jones","12","3","True","ACTIVE","1088","1088","1088","169.99","24.62716505",,,,"12|14|15|20|21"
"4035369","Jeffery Simmons","Jeffery","Simmons","9","10","True","ACTIVE","128","128","134","122.13","167.26106502",,,,"8|11|15|20|21"
"4690795","Elijah Roberts","Elijah","Roberts","9","27","True","ACTIVE","1093","1093","1093","170.0","23.78944622",,,,"8|11|15|20|21"
"4432758","Jaylen Reed","Jaylen","Reed","13","17","True","ACTIVE","1273","1273","1273","169.98","7.50082137",,,,"13|14|15|20|21"
"4682618","Cooper DeJean","Cooper","DeJean","12","21","True","QUESTIONABLE","450","450","451","166.6","158.55007891",,,,"12|14|15|20|21"
"4596602","Brashard Smith","Brashard","Smith","2","12","True","ACTIVE","434","434","441","170.08","103.09178601",,,,"2|3|23|7|20|21"
"4047650","DK Metcalf","DK","Metcalf","3","23","True","QUESTIONABLE","73","75","109","86.79","238.15155599",,,,"3|4|5|23|7|20|21"
"2573079","Carson Wentz","Carson","Wentz","1","16","True","ACTIVE","1391","1391","1391","169.97",,,,,"0|7|20|21"
"4428659","Drake Thomas","Drake","Thomas","11","26","True","ACTIVE","605","605","605","171.8","124.46365161",,,,"10|15|20|21"
"4879212","Trey Moore","Trey","Moore","11","15","True","QUESTIONABLE","713","713","713","170.01","34.90466863",,,,"10|15|20|21"
"4432762","Shedeur Sanders","Shedeur","Sanders","1","5","True","ACTIVE","429","429","304","169.62","112.74832206","231.6280175","147.2030803","1631.370656","0|7|20|21"
"3916577","Cam Lewis","Cam","Lewis","13","3","True","ACTIVE","580","580","580","173.36","138.51502312",,,,"13|14|15|20|21"
"4047646","A.J. Brown","A.J.","Brown","3","17","True","ACTIVE","26","28","49","26.96","303.33906839",,,,"3|4|5|23|7|20|21"
"4871023","Carnell Tate","Carnell","Tate","3","10","True","ACTIVE","72","55","99","78.37","248.32096209",,,,"25|3|4|5|23|7|20|21"
"3916566","K.J. Osborn","K.J.","Osborn","3","10","True","ACTIVE","1410","1410","1410","170.0",,,,,"3|4|5|23|7|20|21"
"3916564","Tyree Jackson","Tyree","Jackson","4","0","True","QUESTIONABLE","1949","1945","1945","170.0",,,,,"5|6|23|7|20|21"
"4576129","Jalen McLeod","Jalen","McLeod","11","30","True","ACTIVE","2509","2507","2507","170.0",,,,,"10|15|20|21"
"3040037","Tyus Bowser","Tyus","Bowser","10","0","True","ACTIVE","1718","1718","1718","170.0",,,,,"9|11|15|20|21"
"4240255","Grant Stuard","Grant","Stuard","11","14","True","ACTIVE","2066","2061","2061","170.0",,,,,"10|15|20|21"
"4432768","Lorenzo Styles Jr.","Lorenzo","Styles Jr.","13","18","True","QUESTIONABLE","1315","1315","1315","169.92","102.65315455",,,,"25|13|14|15|20|21"
"4428678","Jamari Thrash","Jamari","Thrash","3","5","True","INJURY_RESERVE","1532","1531","1531","169.99",,,,,"3|4|5|23|7|20|21"
"4432773","Brian Thomas Jr.","Brian","Thomas Jr.","3","30","True","ACTIVE","89","91","126","102.9","214.32837661",,,,"3|4|5|23|7|20|21"
"3040031","Nick Thurman","Nick","Thurman","9","0","True","ACTIVE","2030","2038","2038","170.0",,,,,"8|11|15|20|21"
"4240261","Derek Parish","Derek","Parish","10","0","True","ACTIVE","2241","2236","2236","170.0",,,,,"9|11|15|20|21"
"4686728","Gunnar Helm","Gunnar","Helm","4","10","True","ACTIVE","311","310","371","170.52","182.98317081",,,,"5|6|23|7|20|21"
"4248455","Rodney Thomas II","Rodney","Thomas II","13","26","True","QUESTIONABLE","2157","2152","2152","169.99","0.0",,,,"13|14|15|20|21"
"4572036","DJ Turner II","DJ","Turner II","12","4","True","ACTIVE","754","754","754","170.51","134.96356292",,,,"12|14|15|20|21"
"4432777","Jeremiah Trotter Jr.","Jeremiah","Trotter Jr.","11","21","True","ACTIVE","800","800","800","170.03","12.09740272",,,,"10|15|20|21"
"4371336","Shemar Bartholomew","Shemar","Bartholomew","12","9","True","ACTIVE","2450","2446","2446","169.99",,,,,"12|14|15|20|21"
"4432775","Dont'e Thornton Jr.","Dont'e","Thornton Jr.","3","13","True","QUESTIONABLE","1164","1164","1164","169.98","18.69795207",,,,"3|4|5|23|7|20|21"
"4379405","Jaylen Johnson","Jaylen","Johnson","3","0","True","ACTIVE","2469","2451","2451","169.98",,,,,"3|4|5|23|7|20|21"
"4035463","K'Von Wallace","K'Von","Wallace","13","33","True","ACTIVE","2004","2000","2000","170.0",,,,,"13|14|15|20|21"
"4428557","Tyjae Spears","Tyjae","Spears","2","10","True","ACTIVE","181","177","198","160.59","174.53555997",,,,"2|3|23|7|20|21"
"3916676","Ka'dar Hollman","Ka'dar","Hollman","12","0","True","ACTIVE","1866","1866","1866","170.0",,,,,"12|14|15|20|21"
"4567826","Cooper McDonald","Cooper","McDonald","11","12","True","ACTIVE","2525","2523","2523","170.0",,,,,"10|15|20|21"
"17230","Mike Pennel","Mike","Pennel","9","0","True","ACTIVE","1827","1827","1827","170.0",,,,,"8|11|15|20|21"
"3728262","Ray-Ray McCloud III","Ray-Ray","McCloud III","3","3","True","ACTIVE","1369","1369","1369","169.95",,,,,"3|4|5|23|7|20|21"
"3728263","Tanner Muse","Tanner","Muse","11","0","True","ACTIVE","2007","2003","2003","170.0",,,,,"10|15|20|21"
"4379409","Azeez Ojulari","Azeez","Ojulari","10","1","True","ACTIVE","2056","2051","2051","169.98","0.0",,,,"9|11|15|20|21"
"4035462","Isaiah Simmons","Isaiah","Simmons","11","29","True","ACTIVE","1983","1980","1980","170.12",,,,,"10|15|20|21"
"3728266","Christian Wilkins","Christian","Wilkins","9","0","True","QUESTIONABLE","1826","1826","1826","170.0",,,,,"8|11|15|20|21"
"4588300","Kobe King","Kobe","King","11","20","True","INJURY_RESERVE","2498","2496","2496","170.0",,,,,"10|15|20|21"
"4379413","Chris Smith II","Chris","Smith II","13","0","True","QUESTIONABLE","2254","2249","2249","170.0",,,,,"13|14|15|20|21"
"4379414","Channing Tindall","Channing","Tindall","11","1","True","ACTIVE","1219","1219","1219","170.0","8.84691546",,,,"10|15|20|21"
"4432661","Rayshaun Benny","Rayshaun","Benny","9","33","True","ACTIVE","1282","1282","1282","170.0","7.29295022",,,,"25|8|11|15|20|21"
"4608794","Tyler Batty","Tyler","Batty","10","16","True","ACTIVE","1288","1288","1288","170.0","7.44502322",,,,"9|11|15|20|21"
"4379411","Otis Reese IV","Otis","Reese IV","11","2","True","ACTIVE","2295","2290","2290","170.0",,,,,"10|15|20|21"
"4363034","Asante Samuel Jr.","Asante","Samuel Jr.","12","23","True","ACTIVE","1085","1085","1085","170.0","25.47319049",,,,"12|14|15|20|21"
"4432665","Brock Bowers","Brock","Bowers","4","13","True","ACTIVE","24","24","42","24.24","341.97393524",,,,"5|6|23|7|20|21"
"3134316","Matt Dickerson","Matt","Dickerson","9","30","True","ACTIVE","1128","1128","1128","169.97","16.99019883",,,,"8|11|15|20|21"
"4686612","Tre' Harris","Tre'","Harris","3","24","True","QUESTIONABLE","289","289","332","170.99","108.93037101",,,,"3|4|5|23|7|20|21"
"3728258","Clelin Ferrell","Clelin","Ferrell","10","15","True","QUESTIONABLE","876","876","876","170.0","58.04960711",,,,"9|11|15|20|21"
"4379416","Quay Walker","Quay","Walker","11","13","True","ACTIVE","218","218","225","164.2","178.72257844",,,,"10|15|20|21"
"4432668","Denzel Burke","Denzel","Burke","12","22","True","ACTIVE","889","889","889","170.12","82.13001714",,,,"12|14|15|20|21"
"4870953","Malik Muhammad","Malik","Muhammad","12","3","True","ACTIVE","1054","1054","1054","170.03","29.18648866",,,,"25|12|14|15|20|21"
"4608810","Tez Johnson","Tez","Johnson","3","27","True","QUESTIONABLE","1118","1118","1118","169.97","24.31706644",,,,"3|4|5|23|7|20|21"
"4428584","Reddy Steward","Reddy","Steward","12","6","True","ACTIVE","2457","2467","2467","170.0","0.0",,,,"12|14|15|20|21"
"3916655","Maxx Crosby","Maxx","Crosby","10","13","True","ACTIVE","84","84","95","80.12","195.45591185",,,,"9|11|15|20|21"
"4911904","Keyron Crawford","Keyron","Crawford","10","13","True","ACTIVE","1047","1047","1047","169.98","29.20805705",,,,"9|11|15|20|21"
"4035434","Devin White","Devin","White","11","8","True","ACTIVE","674","674","674","169.71","56.2420951",,,,"10|15|20|21"
"3912547","Sam Darnold","Sam","Darnold","1","26","True","ACTIVE","280","280","140","162.15","290.64658282","512.6326629","335.099293","4013.160153","0|7|20|21"
"4035433","Kristian Fulton","Kristian","Fulton","12","12","True","ACTIVE","1059","1059","1059","169.99","31.3831066",,,,"12|14|15|20|21"
"4043625","Nazeeh Johnson","Nazeeh","Johnson","12","10","True","INJURY_RESERVE","2172","2167","2167","170.0",,,,,"12|14|15|20|21"
"4363052","Beanie Bishop Jr.","Beanie","Bishop Jr.","12","3","True","SUSPENSION","2418","2413","2413","169.95","0.0",,,,"12|14|15|20|21"
"3928925","JaMycal Hasty","JaMycal","Hasty","2","17","True","ACTIVE","1412","1412","1412","169.98",,,,,"2|3|23|7|20|21"
"3134288","Kyle Peko","Kyle","Peko","9","0","True","ACTIVE","1765","1765","1765","170.0",,,,,"8|11|15|20|21"
"4035426","Stephen Sullivan","Stephen","Sullivan","4","0","True","ACTIVE","2015","2011","2011","169.99",,,,,"5|6|23|7|20|21"
"4608820","Ryan Rehkow","Ryan","Rehkow","7","4","True","ACTIVE","539","539","539","171.88","234.38653198",,,,"18|20|21"
"4870960","LT Overton","LT","Overton","10","6","True","ACTIVE","2585","2585","2585","169.96","0.0",,,,"9|11|15|20|21"
"4596545","CJ Dippre","CJ","Dippre","4","17","True","ACTIVE","1239","1239","1239","169.98","12.05396735",,,,"5|6|23|7|20|21"
"4686658","Mike Washington Jr.","Mike","Washington Jr.","2","13","True","ACTIVE","221","221","281","165.28","67.69273788",,,,"25|2|3|23|7|20|21"
"4875079","Marcellas Dial Jr.","Marcellas","Dial Jr.","12","17","True","ACTIVE","2387","2382","2382","170.0",,,,,"12|14|15|20|21"
"3126115","Cody Thompson","Cody","Thompson","3","0","True","ACTIVE","2121","2116","2116","170.0",,,,,"3|4|5|23|7|20|21"
"3117922","Bilal Nichols","Bilal","Nichols","9","0","True","QUESTIONABLE","1687","1687","1687","170.0",,,,,"8|11|15|20|21"
"4334405","Tavierre Thomas","Tavierre","Thomas","13","16","True","ACTIVE","1800","1800","1800","169.97","0.0",,,,"13|14|15|20|21"
"4432710","TreVeyon Henderson","TreVeyon","Henderson","2","17","True","QUESTIONABLE","69","69","98","78.05","228.98333572",,,,"2|3|23|7|20|21"
"4432708","Marvin Harrison Jr.","Marvin","Harrison Jr.","3","22","True","ACTIVE","74","74","108","86.11","236.6981516",,,,"3|4|5|23|7|20|21"
"4039505","Reggie Gilliam","Reggie","Gilliam","2","17","True","ACTIVE","1281","1281","1281","169.97","8.6233792",,,,"2|3|23|7|20|21"
"4367178","Dorian Thompson-Robinson","Dorian","Thompson-Robinson","1","0","True","ACTIVE","2247","2242","2242","169.98",,,,,"0|7|20|21"
"4428617","T'Vondre Sweat","T'Vondre","Sweat","9","20","True","ACTIVE","756","756","756","170.32","67.95892828",,,,"8|11|15|20|21"
"4576069","Brandon Codrington","Brandon","Codrington","12","34","True","ACTIVE","2426","2421","2421","170.0",,,,,"12|14|15|20|21"
"4568018","TK McLendon Jr.","TK","McLendon Jr.","9","0","True","ACTIVE","2329","2330","2330","170.0",,,,,"8|11|15|20|21"
"2577327","Tyler Lockett","Tyler","Lockett","3","0","True","ACTIVE","1925","1922","1922","169.99",,,,,"3|4|5|23|7|20|21"
"4248528","Christian Watson","Christian","Watson","3","9","True","ACTIVE","77","88","118","96.11","223.23953452",,,,"3|4|5|23|7|20|21"
"3040180","De'Vondre Campbell","De'Vondre","Campbell","11","0","True","ACTIVE","1705","1705","1705","169.98",,,,,"10|15|20|21"
"4568024","Josh Williams","Josh","Williams","2","27","True","ACTIVE","458","458","458","169.94","16.3639065",,,,"2|3|23|7|20|21"
"4248533","Josh Hayes","Josh","Hayes","12","27","True","ACTIVE","1328","1328","1328","169.98","4.28253765",,,,"12|14|15|20|21"
"4039607","J.J. Taylor","J.J.","Taylor","2","0","True","ACTIVE","2024","2019","2019","169.96",,,,,"2|3|23|7|20|21"
"4240350","Xazavian Valladay","Xazavian","Valladay","2","0","True","ACTIVE","2292","2287","2287","169.98",,,,,"2|3|23|7|20|21"
"4367330","Tyrek Funderburk","Tyrek","Funderburk","12","29","True","ACTIVE","2462","2461","2461","170.0",,,,,"12|14|15|20|21"
"4035505","Daniel Thomas","Daniel","Thomas","13","5","True","ACTIVE","1182","1182","1182","170.0","12.84679163",,,,"13|14|15|20|21"
"3126204","Genard Avery","Genard","Avery","10","0","True","ACTIVE","1713","1713","1713","170.0",,,,,"9|11|15|20|21"
"3728305","Johnathan Abram","Johnathan","Abram","13","0","True","ACTIVE","1846","1846","1846","170.0",,,,,"13|14|15|20|21"
"3134362","Vita Vea","Vita","Vea","9","27","True","ACTIVE","786","786","786","170.42","72.77422325",,,,"8|11|15|20|21"
"4035495","Derrick Brown","Derrick","Brown","9","29","True","QUESTIONABLE","591","591","591","171.0","89.50630329",,,,"8|11|15|20|21"
"3040151","George Kittle","George","Kittle","4","25","True","QUESTIONABLE","125","125","130","95.57","249.710437",,,,"5|6|23|7|20|21"
"4248557","E.J. Jenkins","E.J.","Jenkins","4","21","True","ACTIVE","1568","1564","1564","170.0",,,,,"5|6|23|7|20|21"
"4613104","Malachi Corley","Malachi","Corley","3","5","True","ACTIVE","1231","1231","1231","169.99","65.74239616",,,,"3|4|5|23|7|20|21"
"3040150","Josey Jewell","Josey","Jewell","11","0","True","QUESTIONABLE","1715","1715","1715","169.97",,,,,"10|15|20|21"
"4035494","Marlon Davidson","Marlon","Davidson","9","19","True","ACTIVE","1981","1978","1978","170.0",,,,,"8|11|15|20|21"
"4690923","Ben Sinnott","Ben","Sinnott","4","28","True","ACTIVE","1086","1086","1086","169.98","36.86642912",,,,"5|6|23|7|20|21"
"3040145","Desmond King II","Desmond","King II","12","0","True","ACTIVE","1737","1737","1737","170.0",,,,,"12|14|15|20|21"
"3134353","Tim Patrick","Tim","Patrick","3","20","True","ACTIVE","1389","1389","1389","169.98",,,,,"3|4|5|23|7|20|21"
"4682745","Jaylen Wright","Jaylen","Wright","2","15","True","ACTIVE","319","319","319","170.48","64.33241828",,,,"2|3|23|7|20|21"
"13239","Brandon Graham","Brandon","Graham","10","0","True","ACTIVE","1656","1656","1656","170.0",,,,,"9|11|15|20|21"
"4035483","Dexter Lawrence II","Dexter","Lawrence II","9","4","True","ACTIVE","872","872","872","169.69","56.3784767",,,,"8|11|15|20|21"
"4887558","Emanuel Wilson","Emanuel","Wilson","2","26","True","QUESTIONABLE","376","376","399","170.23","10.12198184",,,,"2|3|23|7|20|21"
"13245","Jerry Hughes","Jerry","Hughes","10","0","True","ACTIVE","1660","1660","1660","170.0",,,,,"9|11|15|20|21"
"4428796","Casey Washington","Casey","Washington","3","29","True","ACTIVE","1530","1529","1529","170.0",,,,,"3|4|5|23|7|20|21"
"3928979","Dorance Armstrong","Dorance","Armstrong","10","28","True","SUSPENSION","609","609","609","171.22","88.82444303",,,,"9|11|15|20|21"
"3728281","Blake Cashman","Blake","Cashman","11","16","True","ACTIVE","71","71","83","73.58","193.93299306",,,,"10|15|20|21"
"3126179","Matthew Adams","Matthew","Adams","11","0","True","ACTIVE","1716","1716","1716","170.06",,,,,"10|15|20|21"
"13254","Kareem Jackson","Kareem","Jackson","13","0","True","ACTIVE","1843","1843","1843","170.0",,,,,"13|14|15|20|21"
"4240391","Tommy DeVito","Tommy","DeVito","1","17","True","ACTIVE","483","483","483","169.92","12.28516865","22.50878531","14.64532651","149.9240318","0|7|20|21"
"4682758","Tommy Doman Jr.","Tommy","Doman Jr.","7","2","True","ACTIVE","554","554","554","170.95","207.8558776",,,,"25|18|20|21"
"13256","Jason Pierre-Paul","Jason","Pierre-Paul","10","0","True","ACTIVE","1652","1652","1652","170.0",,,,,"9|11|15|20|21"
"3150744","Chase McLaughlin","Chase","McLaughlin","5","27","True","ACTIVE","339","339","345","169.81","168.0691562",,,,"17|20|21"
"4875266","B.J. Green II","B.J.","Green II","10","30","True","ACTIVE","2538","2535","2535","169.94","0.0",,,,"9|11|15|20|21"
"3122168","Trent Sherfield","Trent","Sherfield","3","2","True","ACTIVE","1365","1365","1365","169.99",,,,,"3|4|5|23|7|20|21"
"4240269","Payton Turner","Payton","Turner","10","8","True","QUESTIONABLE","1043","1043","1043","170.0","30.42166549",,,,"9|11|15|20|21"
"4871063","Peter Woods","Peter","Woods","9","12","True","ACTIVE","923","923","923","170.02","51.16373807",,,,"25|8|11|15|20|21"
"4432789","Hunter Wohler","Hunter","Wohler","13","11","True","ACTIVE","1196","1196","1196","170.0","11.23282096",,,,"13|14|15|20|21"
"4572055","Mike Morris","Mike","Morris","9","26","True","ACTIVE","1261","1261","1261","170.0","9.1221591",,,,"8|11|15|20|21"
"3122160","Tre Herndon","Tre","Herndon","12","0","True","ACTIVE","1806","1806","1806","170.0",,,,,"12|14|15|20|21"
"3134448","Tremon Smith","Tremon","Smith","12","34","True","ACTIVE","1305","1305","1305","170.0","21.52865754",,,,"12|14|15|20|21"
"4567962","Jermaine Johnson II","Jermaine","Johnson II","10","10","True","ACTIVE","648","648","648","170.68","86.168481",,,,"9|11|15|20|21"
"4682648","Malachi Fields","Malachi","Fields","3","19","True","ACTIVE","406","406","419","169.92","72.34129936",,,,"25|3|4|5|23|7|20|21"
"4879250","Cole Payton","Cole","Payton","1","21","True","ACTIVE","1643","1646","1646","169.99",,,,,"25|0|7|20|21"
"17372","Chris Boswell","Chris","Boswell","5","23","True","ACTIVE","338","338","344","163.83","170.3244243",,,,"17|20|21"
"13281","Linval Joseph","Linval","Joseph","9","0","True","ACTIVE","1657","1657","1657","170.0",,,,,"8|11|15|20|21"
"4682652","Devin Neal","Devin","Neal","2","18","True","QUESTIONABLE","1589","1589","1589","169.98","0.0",,,,"2|3|23|7|20|21"
"2577417","Dak Prescott","Dak","Prescott","1","6","True","ACTIVE","95","95","34","85.35","346.41090446","553.1874665","370.3202239","4112.549341","0|7|20|21"
"4391845","Cody Schrader","Cody","Schrader","2","7","True","ACTIVE","1549","1548","1548","169.99",,,,,"2|3|23|7|20|21"
"4432804","Shemar Turner","Shemar","Turner","9","3","True","OUT","1089","1089","1089","170.0","23.97369051",,,,"8|11|15|20|21"
"2970625","Justin Hardee Sr.","Justin","Hardee Sr.","12","0","True","QUESTIONABLE","1805","1805","1805","170.02",,,,,"12|14|15|20|21"
"4428713","Bralen Trice","Bralen","Trice","10","1","True","ACTIVE","965","965","965","170.0","45.68105244",,,,"9|11|15|20|21"
"4428718","Tre Tucker","Tre","Tucker","3","13","True","ACTIVE","199","199","217","168.16","187.54901226",,,,"3|4|5|23|7|20|21"
"3122135","Donovan Wilson","Donovan","Wilson","13","0","True","ACTIVE","1873","1873","1873","170.0",,,,,"13|14|15|20|21"
"4912052","Justin Joly","Justin","Joly","4","7","True","ACTIVE","1227","1227","1227","169.97","12.52581039",,,,"25|5|6|23|7|20|21"
"4567979","Brandin Echols","Brandin","Echols","12","23","True","QUESTIONABLE","1206","1206","1206","169.99","11.32972277",,,,"12|14|15|20|21"
"3122132","Myles Garrett","Myles","Garrett","10","14","True","QUESTIONABLE","116","116","121","88.56","174.66343335",,,,"9|11|15|20|21"
"4047846","Chase Lucas","Chase","Lucas","12","0","True","QUESTIONABLE","2169","2164","2164","170.0","0.0",,,,"12|14|15|20|21"
"4613050","Quentin Skinner","Quentin","Skinner","3","2","True","ACTIVE","1617","1619","1619","169.99",,,,,"3|4|5|23|7|20|21"
"4879276","Bryce Lance","Bryce","Lance","3","18","True","ACTIVE","1015","1015","1015","169.98","47.50193487",,,,"25|3|4|5|23|7|20|21"
"4686772","Christian Gonzalez","Christian","Gonzalez","12","17","True","ACTIVE","453","453","453","165.58","156.06722687",,,,"12|14|15|20|21"
"3122154","Khari Blasingame","Khari","Blasingame","2","0","True","ACTIVE","1961","1957","1957","169.98",,,,,"2|3|23|7|20|21"
"4686781","Brenden Rice","Brenden","Rice","3","0","True","ACTIVE","2372","2367","2367","169.98",,,,,"3|4|5|23|7|20|21"
"3916749","Giovanni Ricci","Giovanni","Ricci","4","0","True","ACTIVE","2107","2102","2102","169.99",,,,,"5|6|23|7|20|21"
"4568007","Jay Ward","Jay","Ward","13","16","True","ACTIVE","966","966","966","170.0","34.19710425",,,,"13|14|15|20|21"
"4035538","David Montgomery","David","Montgomery","2","34","True","ACTIVE","65","67","91","70.23","205.33096476",,,,"2|3|23|7|20|21"
"4035537","Kene Nwangwu","Kene","Nwangwu","2","20","True","ACTIVE","431","431","438","170.12","86.23447702",,,,"2|3|23|7|20|21"
"4383684","Joshua Pryor","Joshua","Pryor","10","0","True","ACTIVE","2305","2344","2344","170.0",,,,,"9|11|15|20|21"
"4875196","Byron Young","Byron","Young","10","14","True","ACTIVE","274","274","285","171.37","121.17695734",,,,"9|11|15|20|21"
"4035656","Ben Skowronek","Ben","Skowronek","3","23","True","ACTIVE","1324","1324","1324","169.97","3.63920349",,,,"3|4|5|23|7|20|21"
"4240459","Josh Blackwell","Josh","Blackwell","12","3","True","ACTIVE","1172","1172","1172","170.12","63.50623607",,,,"12|14|15|20|21"
"4613202","Kyle Williams","Kyle","Williams","3","17","True","ACTIVE","1111","1111","1111","169.94","89.29471272",,,,"3|4|5|23|7|20|21"
"5092436","Jude McAtamney","Jude","McAtamney","5","0","True","ACTIVE","2479","2480","2480","169.94",,,,,"17|20|21"
"4240464","Victor Dimukeje","Victor","Dimukeje","10","25","True","ACTIVE","2090","2085","2085","170.0",,,,,"9|11|15|20|21"
"4912218","Cyrus Allen","Cyrus","Allen","3","12","True","ACTIVE","999","999","999","169.46","52.63774808",,,,"25|3|4|5|23|7|20|21"
"4047941","Brenden Schooler","Brenden","Schooler","13","17","True","OUT","2342","2348","2348","169.99",,,,,"13|14|15|20|21"
"17427","Cairo Santos","Cairo","Santos","5","3","True","ACTIVE","256","256","267","168.43","167.04999119",,,,"17|20|21"
"2577466","Jordan Phillips","Jordan","Phillips","9","0","True","QUESTIONABLE","1683","1683","1683","169.96",,,,,"8|11|15|20|21"
"4052031","Tarron Jackson","Tarron","Jackson","10","21","True","ACTIVE","2087","2082","2082","170.0",,,,,"9|11|15|20|21"
"5088338","Elijah Sarratt","Elijah","Sarratt","3","33","True","ACTIVE","1042","1042","1042","169.98","39.98399023",,,,"25|3|4|5|23|7|20|21"
"4240472","Noah Gray","Noah","Gray","4","12","True","ACTIVE","468","468","468","169.9","86.52148069",,,,"5|6|23|7|20|21"
"3052587","Baker Mayfield","Baker","Mayfield","1","27","True","ACTIVE","192","192","104","148.18","313.99359029","526.6210174","338.4973545","3823.252413","0|7|20|21"
"4240475","Chris Rumph II","Chris","Rumph II","10","18","True","QUESTIONABLE","2091","2086","2086","169.99","0.0",,,,"9|11|15|20|21"
"4035631","Brian Burns","Brian","Burns","10","19","True","ACTIVE","149","149","161","133.77","172.37815712",,,,"9|11|15|20|21"
"4052017","C.J. Brewer","C.J.","Brewer","9","0","True","ACTIVE","2208","2203","2203","170.0",,,,,"8|11|15|20|21"
"17447","Denico Autry","Denico","Autry","10","0","True","ACTIVE","1668","1668","1668","169.97",,,,,"9|11|15|20|21"
"4691043","Nikko Reed","Nikko","Reed","12","24","True","ACTIVE","1304","1304","1304","169.98","7.48913725",,,,"12|14|15|20|21"
"4875381","Jordan van den Berg","Jordan","van den Berg","9","3","True","ACTIVE","1215","1215","1215","169.94","9.51658226",,,,"25|8|11|15|20|21"
"4428909","Jacoby Windmon","Jacoby","Windmon","11","23","True","ACTIVE","2452","2448","2448","170.0",,,,,"10|15|20|21"
"4428914","Dee Winters","Dee","Winters","11","6","True","ACTIVE","611","611","611","171.83","117.76734982",,,,"10|15|20|21"
"4711533","Ollie Gordon II","Ollie","Gordon II","2","15","True","QUESTIONABLE","320","320","320","170.58","35.48550674",,,,"2|3|23|7|20|21"
"4428917","Rashad Wisdom","Rashad","Wisdom","13","27","True","ACTIVE","2533","2531","2531","170.04","0.0",,,,"13|14|15|20|21"
"4723820","Omar Cooper Jr.","Omar","Cooper Jr.","3","20","True","ACTIVE","302","302","337","171.12","80.90713594",,,,"25|3|4|5|23|7|20|21"
"3953687","Brandon Aubrey","Brandon","Aubrey","5","6","True","ACTIVE","240","240","251","87.12","201.60357491",,,,"17|20|21"
"4244606","Zaven Collins","Zaven","Collins","10","22","True","ACTIVE","870","870","870","169.92","62.19424495",,,,"9|11|15|20|21"
"4035604","Janarius Robinson","Janarius","Robinson","10","0","True","ACTIVE","2089","2084","2084","170.0",,,,,"9|11|15|20|21"
"4244607","Akayleb Evans","Akayleb","Evans","12","29","True","ACTIVE","1312","1312","1312","170.0","6.49368826",,,,"12|14|15|20|21"
"4428930","Craig Woodson","Craig","Woodson","13","17","True","ACTIVE","583","583","583","173.29","132.26216649",,,,"13|14|15|20|21"
"4379778","Christian Benford","Christian","Benford","12","2","True","ACTIVE","825","825","825","170.09","100.85035874",,,,"12|14|15|20|21"
"17474","C.J. Goodwin","C.J.","Goodwin","12","0","True","ACTIVE","1810","1810","1810","169.96",,,,,"12|14|15|20|21"
"17475","Michael Palardy","Michael","Palardy","7","0","True","ACTIVE","1669","1669","1669","170.03",,,,,"18|20|21"
"4916349","Nikola Kalinic","Nikola","Kalinic","4","3","True","INJURY_RESERVE","1474","1473","1473","169.99",,,,,"5|6|23|7|20|21"
"2577446","Preston Smith","Preston","Smith","10","0","True","ACTIVE","1825","1825","1825","170.0",,,,,"9|11|15|20|21"
"2978935","Xavien Howard","Xavien","Howard","12","11","True",,"1744","1744","1744","170.0",,,,,"12|14|15|20|21"
"4428811","Xavier Weaver","Xavier","Weaver","3","22","True","INJURY_RESERVE","1547","1546","1546","170.0","0.0",,,,"3|4|5|23|7|20|21"
"4240401","Ifeatu Melifonwu","Ifeatu","Melifonwu","13","27","True","ACTIVE","1065","1065","1065","170.01","23.57742559",,,,"13|14|15|20|21"
"4240405","Kingsley Jonathan","Kingsley","Jonathan","10","20","True","INJURY_RESERVE","2202","2198","2198","170.0",,,,,"9|11|15|20|21"
"3916923","Carlton Davis III","Carlton","Davis III","12","17","True","ACTIVE","646","646","646","173.28","130.56460712",,,,"12|14|15|20|21"
"3916917","T.J. Smith","T.J.","Smith","9","0","True","ACTIVE","2119","2114","2114","170.0",,,,,"8|11|15|20|21"
"3916922","Byron Cowart","Byron","Cowart","9","28","True","ACTIVE","1869","1869","1869","170.0",,,,,"8|11|15|20|21"
"4686889","Tory Taylor","Tory","Taylor","7","3","True","ACTIVE","545","545","545","170.37","228.98978085",,,,"18|20|21"
"4576297","AJ Barner","AJ","Barner","4","26","True","ACTIVE","312","312","376","169.41","158.5982808",,,,"5|6|23|7|20|21"
"3052667","Ogbo Okoronkwo","Ogbo","Okoronkwo","10","25","True","ACTIVE","1822","1822","1822","169.99",,,,,"9|11|15|20|21"
"4035693","Velus Jones Jr.","Velus","Jones Jr.","2","26","True","ACTIVE","1443","1442","1442","169.99",,,,,"2|3|23|7|20|21"
"4035687","Michael Pittman Jr.","Michael","Pittman Jr.","3","23","True","QUESTIONABLE","88","73","107","91.21","241.77105548",,,,"3|4|5|23|7|20|21"
"4428850","Dontayvion Wicks","Dontayvion","Wicks","3","21","True","ACTIVE","215","215","297","170.74","131.54579059",,,,"3|4|5|23|7|20|21"
"4912185","Jalen Huskey","Jalen","Huskey","13","30","True","ACTIVE","1132","1132","1132","170.0","17.57586755",,,,"13|14|15|20|21"
"3126356","Marlon Humphrey","Marlon","Humphrey","12","33","True","ACTIVE","592","592","592","174.32","143.24074266",,,,"12|14|15|20|21"
"4035686","Jack Jones","Jack","Jones","12","25","True","ACTIVE","2173","2168","2168","169.99","0.0",,,,"12|14|15|20|21"
"3916903","Dre Greenlaw","Dre","Greenlaw","11","25","True","ACTIVE","590","590","590","171.87","126.58015214",,,,"10|15|20|21"
"4035685","Mitch Wishnowsky","Mitch","Wishnowsky","7","2","True","ACTIVE","1823","1823","1823","169.84","0.0",,,,"18|20|21"
"4240434","Ja'Sir Taylor","Ja'Sir","Taylor","12","4","True","ACTIVE","2146","2141","2141","169.96","0.0",,,,"12|14|15|20|21"
"4686906","Lukas Van Ness","Lukas","Van Ness","10","9","True","ACTIVE","594","594","594","171.38","98.82809191",,,,"9|11|15|20|21"
"2573401","Tyler Higbee","Tyler","Higbee","4","14","True","ACTIVE","470","470","470","169.84","52.8377741",,,,"5|6|23|7|20|21"
"3126352","Da'Shawn Hand","Da'Shawn","Hand","9","1","True","ACTIVE","987","987","987","170.03","41.10934189",,,,"8|11|15|20|21"
"4035676","Zack Moss","Zack","Moss","2","0","True","QUESTIONABLE","1976","1972","1972","169.99",,,,,"2|3|23|7|20|21"
"3126349","Rashaan Evans","Rashaan","Evans","11","0","True","ACTIVE","1711","1711","1711","170.0",,,,,"10|15|20|21"
"4682818","Nick Barrett","Nick","Barrett","9","24","True","ACTIVE","1338","1338","1338","170.02","3.13945896",,,,"25|8|11|15|20|21"
"4035671","Tyler Huntley","Tyler","Huntley","1","33","True","ACTIVE","1256","1256","1256","169.96","10.37985307","19.5223239","12.56242234","128.6921658","0|7|20|21"
"4686911","Jakorian Bennett","Jakorian","Bennett","12","21","True","QUESTIONABLE","2222","2217","2217","170.0",,,,,"12|14|15|20|21"
"4691005","Daryl Porter","Daryl","Porter","12","23","True","ACTIVE","2576","2558","2558","170.0",,,,,"12|14|15|20|21"
"4428863","Evan Williams","Evan","Williams","13","9","True","ACTIVE","586","586","586","173.2","122.87383686",,,,"13|14|15|20|21"
"4875336","Karene Reid","Karene","Reid","11","7","True","ACTIVE","2567","2553","2553","170.0",,,,,"10|15|20|21"
"4035663","Terrell Burgess","Terrell","Burgess","13","18","True","ACTIVE","1997","1993","1993","170.0",,,,,"13|14|15|20|21"
"4912190","Red Murdock","Red","Murdock","11","7","True","ACTIVE","788","788","788","170.01","14.55897761",,,,"25|10|15|20|21"
"3126368","JK Scott","JK","Scott","7","24","True","ACTIVE","547","547","547","170.49","230.7024013",,,,"18|20|21"
"4035666","Leki Fotu","Leki","Fotu","9","19","True","ACTIVE","1018","1018","1018","170.0","33.83548522",,,,"8|11|15|20|21"
"2511973","Eric Tomlinson","Eric","Tomlinson","4","0","True","ACTIVE","1793","1793","1793","170.0",,,,,"5|6|23|7|20|21"
"2970716","Eric Murray","Eric","Murray","13","30","True","ACTIVE","649","649","649","170.6","123.29303073",,,,"13|14|15|20|21"
"4240456","Michael Carter II","Michael","Carter II","12","21","True","ACTIVE","1179","1179","1179","170.0","13.98283075",,,,"12|14|15|20|21"
"4428872","JD Bertrand","JD","Bertrand","11","1","True","ACTIVE","764","764","764","170.0","20.26380537",,,,"10|15|20|21"
"4035661","Julian Blackmon","Julian","Blackmon","13","18","True","ACTIVE","742","742","742","170.36","105.61553302",,,,"13|14|15|20|21"
"4429006","Rakim Jarrett","Rakim","Jarrett","3","0","True","ACTIVE","2287","2282","2282","170.0",,,,,"3|4|5|23|7|20|21"
"4429005","Braiden McGregor","Braiden","McGregor","10","20","True","ACTIVE","1295","1295","1295","170.0","6.16849235",,,,"9|11|15|20|21"
"4244688","Nathan Rourke","Nathan","Rourke","1","0","True","ACTIVE","2304","2343","2343","169.98",,,,,"0|7|20|21"
"4429009","Antwaun Powell-Ryland","Antwaun","Powell-Ryland","10","4","True","ACTIVE","2510","2508","2508","170.0",,,,,"9|11|15|20|21"
"4367567","Julius Chestnut","Julius","Chestnut","2","10","True","ACTIVE","1465","1464","1464","169.97",,,,,"2|3|23|7|20|21"
"4429007","DeMonte Capehart","DeMonte","Capehart","9","27","True","ACTIVE","2613","2613","2613","169.93",,,,,"25|8|11|15|20|21"
"4035776","Kendric Pryor","Kendric","Pryor","3","4","True","ACTIVE","1470","1469","1469","169.99",,,,,"3|4|5|23|7|20|21"
"4240595","Marco Wilson","Marco","Wilson","12","15","True","ACTIVE","2076","2071","2071","170.0",,,,,"12|14|15|20|21"
"4429014","Gervon Dexter Sr.","Gervon","Dexter Sr.","9","3","True","ACTIVE","806","806","806","170.36","66.62315624",,,,"8|11|15|20|21"
"4240596","C.J. Henderson","C.J.","Henderson","12","1","True","ACTIVE","1994","1991","1991","169.99","0.0",,,,"12|14|15|20|21"
"4429013","Tank Bigsby","Tank","Bigsby","2","21","True","ACTIVE","205","205","274","169.3","64.69656745",,,,"2|3|23|7|20|21"
"4248789","Daniel Whelan","Daniel","Whelan","7","9","True","ACTIVE","546","546","546","170.51","231.29468041",,,,"18|20|21"
"4429012","Kendall Milton","Kendall","Milton","2","4","True","ACTIVE","1556","1556","1556","170.0",,,,,"2|3|23|7|20|21"
"4429011","Eli Ricks","Eli","Ricks","12","0","True","ACTIVE","2301","2296","2296","170.0",,,,,"12|14|15|20|21"
"4429018","RJ Mickens","RJ","Mickens","13","24","True","ACTIVE","940","940","940","170.03","46.33708848",,,,"13|14|15|20|21"
"4240600","Kadarius Toney","Kadarius","Toney","3","0","True","ACTIVE","2053","2048","2048","169.91",,,,,"3|4|5|23|7|20|21"
"4572371","Josh Wallace","Josh","Wallace","12","14","True","ACTIVE","2424","2419","2419","169.96",,,,,"12|14|15|20|21"
"4912338","Aiden Fisher","Aiden","Fisher","11","34","True","ACTIVE","2595","2595","2595","169.95",,,,,"25|10|15|20|21"
"4240603","Malik Davis","Malik","Davis","2","6","True","ACTIVE","1471","1470","1470","169.95","0.0",,,,"2|3|23|7|20|21"
"4429022","Kayshon Boutte","Kayshon","Boutte","3","34","True","ACTIVE","304","304","338","170.81","105.75783583",,,,"3|4|5|23|7|20|21"
"3052743","Trey Hendrickson","Trey","Hendrickson","10","33","True","ACTIVE","279","279","288","172.62","130.42211599",,,,"9|11|15|20|21"
"4240608","James Houston","James","Houston","10","6","True","ACTIVE","2143","2138","2138","170.0","0.0",,,,"9|11|15|20|21"
"4429025","Quentin Johnston","Quentin","Johnston","3","24","True","QUESTIONABLE","107","139","162","138.01","200.0678091",,,,"3|4|5|23|7|20|21"
"4261090","Jordan Jackson","Jordan","Jackson","9","7","True","ACTIVE","2150","2145","2145","169.98","0.0",,,,"8|11|15|20|21"
"4240610","Ventrell Miller","Ventrell","Miller","11","30","True","ACTIVE","623","623","623","171.12","113.93988772",,,,"10|15|20|21"
"4429023","MarShawn Lloyd","MarShawn","Lloyd","2","9","True","ACTIVE","269","269","294","170.42","92.22417943",,,,"2|3|23|7|20|21"
"4240612","T.J. Slaton Jr.","T.J.","Slaton Jr.","9","4","True","ACTIVE","1191","1191","1191","170.0","10.79958437",,,,"8|11|15|20|21"
"4682983","Josaiah Stewart","Josaiah","Stewart","10","14","True","ACTIVE","921","921","921","169.98","55.34519703",,,,"9|11|15|20|21"
"4429034","Jaquelin Roy","Jaquelin","Roy","9","0","True","ACTIVE","2262","2257","2257","170.0",,,,,"8|11|15|20|21"
"4429033","Jermaine Burton","Jermaine","Burton","3","0","True","ACTIVE","2359","2354","2354","169.99",,,,,"3|4|5|23|7|20|21"
"4682980","Derrick Harmon","Derrick","Harmon","9","23","True","ACTIVE","830","830","830","170.31","59.19299889",,,,"8|11|15|20|21"
"4240619","Zachary Carter","Zachary","Carter","9","22","True","QUESTIONABLE","2176","2171","2171","170.0",,,,,"8|11|15|20|21"
"2577553","Quandre Diggs","Quandre","Diggs","13","0","True","ACTIVE","1742","1742","1742","170.0",,,,,"13|14|15|20|21"
"4695280","Micah Robinson","Micah","Robinson","12","10","True","ACTIVE","1342","1342","1342","170.0","3.11414494",,,,"12|14|15|20|21"
"4240623","DJ Johnson","DJ","Johnson","10","28","True","ACTIVE","2221","2216","2216","170.0",,,,,"9|11|15|20|21"
"4429040","Vernon Broughton","Vernon","Broughton","9","18","True","ACTIVE","1035","1035","1035","170.0","29.83547197",,,,"8|11|15|20|21"
"2983055","Javon Hargrave","Javon","Hargrave","9","9","True","ACTIVE","774","774","774","170.41","66.65590555",,,,"8|11|15|20|21"
"4248822","Montrell Washington","Montrell","Washington","3","0","True","ACTIVE","2158","2153","2153","170.0",,,,,"3|4|5|23|7|20|21"
"4601080","Raheim Sanders","Raheim","Sanders","2","5","True","ACTIVE","1601","1599","1599","169.99",,,,,"2|3|23|7|20|21"
"4240631","DeeJay Dallas","DeeJay","Dallas","2","30","True","ACTIVE","457","457","457","169.99","16.7102247",,,,"2|3|23|7|20|21"
"4568308","Lou Hedley","Lou","Hedley","7","0","True","ACTIVE","2290","2285","2285","169.88",,,,,"18|20|21"
"4429058","Jaylen Harrell","Jaylen","Harrell","10","10","True","INJURY_RESERVE","2375","2370","2370","170.0","0.0",,,,"9|11|15|20|21"
"4429059","Woody Marks","Woody","Marks","2","34","True","ACTIVE","152","153","181","149.36","183.52109491",,,,"2|3|23|7|20|21"
"3916945","Darius Slayton","Darius","Slayton","3","19","True","ACTIVE","328","328","351","170.49","107.71043429",,,,"3|4|5|23|7|20|21"
"3040506","Eli Apple","Eli","Apple","12","25","True","ACTIVE","1726","1726","1726","169.93",,,,,"12|14|15|20|21"
"4240528","Del'Shawn Phillips","Del'Shawn","Phillips","11","24","True","ACTIVE","2051","2029","2029","170.0",,,,,"10|15|20|21"
"4691084","BJ Thompson","BJ","Thompson","10","0","True","ACTIVE","2275","2270","2270","170.0",,,,,"9|11|15|20|21"
"4363408","Starling Thomas V","Starling","Thomas V","12","22","True","ACTIVE","2300","2295","2295","170.0",,,,,"12|14|15|20|21"
"4428943","Jacardia Wright","Jacardia","Wright","2","26","True","ACTIVE","1608","1622","1622","169.99",,,,,"2|3|23|7|20|21"
"4035840","Osa Odighizuwa","Osa","Odighizuwa","9","25","True","ACTIVE","771","771","771","170.53","68.93477069",,,,"8|11|15|20|21"
"4240532","Tony Adams","Tony","Adams","13","10","True","ACTIVE","903","903","903","170.0","66.2405074",,,,"13|14|15|20|21"
"4367510","Dante Miller","Dante","Miller","2","19","True","INJURY_RESERVE","1544","1543","1543","169.99",,,,,"2|3|23|7|20|21"
"4695193","Efton Chism III","Efton","Chism III","3","17","True","ACTIVE","1354","1354","1354","169.94","80.09552343",,,,"3|4|5|23|7|20|21"
"4568217","Tyler Davis","Tyler","Davis","9","14","True","ACTIVE","929","929","929","169.97","42.2944525",,,,"8|11|15|20|21"
"3917058","Roderic Teamer","Roderic","Teamer","13","0","True","ACTIVE","1962","1958","1958","170.0",,,,,"13|14|15|20|21"
"4363417","Jaylen Key","Jaylen","Key","13","0","True","ACTIVE","2403","2398","2398","170.0",,,,,"13|14|15|20|21"
"4600981","Pat Bryant","Pat","Bryant","3","7","True","ACTIVE","358","358","383","170.55","87.85726222",,,,"3|4|5|23|7|20|21"
"4912274","Sione Vaki","Sione","Vaki","2","8","True","QUESTIONABLE","1537","1536","1536","169.98",,,,,"2|3|23|7|20|21"
"3138826","Fred Warner","Fred","Warner","11","25","True","ACTIVE","83","83","94","77.57","204.86207284",,,,"10|15|20|21"
"4240542","Nate Hobbs","Nate","Hobbs","12","25","True","QUESTIONABLE","1174","1174","1174","169.98","14.31304105",,,,"12|14|15|20|21"
"4682909","Justin Walley","Justin","Walley","12","11","True","ACTIVE","1056","1056","1056","169.99","29.07868571",,,,"12|14|15|20|21"
"4240545","Bryce Baringer","Bryce","Baringer","7","17","True","QUESTIONABLE","541","541","541","171.14","229.04178487",,,,"18|20|21"
"3040513","Tyquan Lewis","Tyquan","Lewis","10","0","True","ACTIVE","1676","1676","1676","170.0",,,,,"9|11|15|20|21"
"4035824","Brandon Stephens","Brandon","Stephens","12","20","True","ACTIVE","664","664","664","172.9","124.72686741",,,,"12|14|15|20|21"
"4428963","Cade York","Cade","York","5","20","True","ACTIVE","2125","2120","2120","169.95","0.0",,,,"17|20|21"
"5092508","Colbie Young","Colbie","Young","3","4","True","ACTIVE","1014","1014","1014","169.96","47.0846493",,,,"25|3|4|5|23|7|20|21"
"3040471","Maliek Collins","Maliek","Collins","9","5","True","QUESTIONABLE","747","747","747","170.54","74.65340863",,,,"8|11|15|20|21"
"4035817","Krys Barnes","Krys","Barnes","11","28","True","ACTIVE","2031","2023","2023","170.0",,,,,"10|15|20|21"
"3126486","Deebo Samuel Sr.","Deebo","Samuel Sr.","3","25","True","ACTIVE","139","141","164","131.02","266.88628022",,,,"3|4|5|23|7|20|21"
"3691739","Derwin James Jr.","Derwin","James Jr.","13","24","True","ACTIVE","253","253","264","151.54","158.25805148",,,,"13|14|15|20|21"
"3933407","Quinton Bell","Quinton","Bell","10","25","True","ACTIVE","1871","1871","1871","170.0",,,,,"9|11|15|20|21"
"4428985","Myles Murphy","Myles","Murphy","10","4","True","QUESTIONABLE","639","639","639","170.75","86.26040241",,,,"9|11|15|20|21"
"3138764","Jacob Martin","Jacob","Martin","10","10","True","ACTIVE","975","975","975","170.0","41.62589899",,,,"9|11|15|20|21"
"4609203","Deven Eastern","Deven","Eastern","9","26","True","ACTIVE","2614","2603","2603","170.04",,,,,"25|8|11|15|20|21"
"2577619","Riley Dixon","Riley","Dixon","7","27","True","ACTIVE","544","544","544","170.69","232.3004725",,,,"18|20|21"
"4428989","Chris Braswell","Chris","Braswell","10","27","True","QUESTIONABLE","2361","2356","2356","170.0","0.0",,,,"9|11|15|20|21"
"4240573","Ihmir Smith-Marsette","Ihmir","Smith-Marsette","3","22","True","ACTIVE","1429","1428","1428","169.98",,,,,"3|4|5|23|7|20|21"
"4428988","Bryan Bresee","Bryan","Bresee","9","18","True","INJURY_RESERVE","2209","2204","2204","169.99","0.0",,,,"8|11|15|20|21"
"4240575","Geno Stone","Geno","Stone","13","2","True","ACTIVE","871","871","871","170.25","73.94328687",,,,"13|14|15|20|21"
"4601021","Jaylon Carlies","Jaylon","Carlies","11","11","True","ACTIVE","2379","2374","2374","170.0","0.0",,,,"10|15|20|21"
"3917016","Trevis Gipson","Trevis","Gipson","10","29","True","ACTIVE","890","890","890","170.0","57.16078109",,,,"9|11|15|20|21"
"4035798","Isaiahh Loudermilk","Isaiahh","Loudermilk","9","16","True","ACTIVE","1103","1103","1103","169.94","19.84580454",,,,"8|11|15|20|21"
"4240577","Brandon Smith","Brandon","Smith","3","23","True","QUESTIONABLE","1463","1462","1462","170.0",,,,,"3|4|5|23|7|20|21"
"4428992","Kelee Ringo","Kelee","Ringo","12","21","True","ACTIVE","2225","2220","2220","170.0",,,,,"12|14|15|20|21"
"3134690","Montez Sweat","Montez","Sweat","10","3","True","ACTIVE","288","288","296","175.07","124.49971174",,,,"9|11|15|20|21"
"4568263","Ryan Fitzgerald","Ryan","Fitzgerald","5","29","True","ACTIVE","498","498","498","169.75","140.54961696",,,,"17|20|21"
"4428996","Jordan Burch","Jordan","Burch","10","22","True","ACTIVE","981","981","981","170.0","42.4864319",,,,"9|11|15|20|21"
"4592837","Terrion Arnold","Terrion","Arnold","12","0","True","ACTIVE","930","930","930","169.91","31.45414128",,,,"12|14|15|20|21"
"2577637","Sam Eguavoen","Sam","Eguavoen","11","0","True","ACTIVE","1954","1950","1950","170.0",,,,,"10|15|20|21"
"4429001","Jase McClellan","Jase","McClellan","2","0","True","ACTIVE","2370","2365","2365","169.99",,,,,"2|3|23|7|20|21"
"4240585","AJ Epenesa","AJ","Epenesa","10","21","True","ACTIVE","1117","1117","1117","170.0","19.98488263",,,,"9|11|15|20|21"
"4883647","Elic Ayomanor","Elic","Ayomanor","3","10","True","ACTIVE","1105","1105","1105","169.99","28.23740718",,,,"3|4|5|23|7|20|21"
"3040569","Trent Taylor","Trent","Taylor","3","0","True","ACTIVE","1791","1791","1791","169.99",,,,,"3|4|5|23|7|20|21"
"4248909","Elijah Dotson","Elijah","Dotson","2","0","True","ACTIVE","2286","2281","2281","169.99",,,,,"2|3|23|7|20|21"
"4248911","DaRon Bland","DaRon","Bland","12","6","True","ACTIVE","415","415","415","172.38","140.63061503",,,,"12|14|15|20|21"
"4429136","Warren Brinson","Warren","Brinson","9","9","True","QUESTIONABLE","989","989","989","169.95","41.04385278",,,,"8|11|15|20|21"
"4429142","Nazir Stackhouse","Nazir","Stackhouse","9","9","True","ACTIVE","2541","2537","2537","170.02","0.0",,,,"8|11|15|20|21"
"4429148","Theo Johnson","Theo","Johnson","4","19","True","QUESTIONABLE","465","465","465","170.2","87.21198383",,,,"5|6|23|7|20|21"
"4683101","Max Llewellyn","Max","Llewellyn","10","15","True","ACTIVE","1299","1299","1299","170.0","6.94177202",,,,"9|11|15|20|21"
"4572519","Dom Jones","Dom","Jones","12","0","True","QUESTIONABLE","2531","2529","2529","170.0","0.0",,,,"12|14|15|20|21"
"5084514","Kaleb Proctor","Kaleb","Proctor","9","22","True","INJURY_RESERVE","2584","2584","2584","170.01","0.0",,,,"25|8|11|15|20|21"
"4035886","Khalil Herbert","Khalil","Herbert","2","25","True","ACTIVE","2071","2066","2066","169.98",,,,,"2|3|23|7|20|21"
"4429160","De'Von Achane","De'Von","Achane","2","15","True","ACTIVE","13","10","20","11.97","322.40232765",,,,"2|3|23|7|20|21"
"3040572","Xavier Woods","Xavier","Woods","13","3","True","QUESTIONABLE","885","885","885","170.05","70.69211782",,,,"13|14|15|20|21"
"4429166","Princely Umanmielen","Princely","Umanmielen","10","29","True","ACTIVE","985","985","985","169.94","42.37330277",,,,"9|11|15|20|21"
"4429164","Nick Herbig","Nick","Herbig","10","23","True","ACTIVE","762","762","762","170.3","79.70544987",,,,"9|11|15|20|21"
"4240750","Mohamed Ibrahim","Mohamed","Ibrahim","2","0","True","ACTIVE","2284","2279","2279","169.99",,,,,"2|3|23|7|20|21"
"4429168","Antonio Johnson","Antonio","Johnson","13","30","True","ACTIVE","766","766","766","170.17","112.27635954",,,,"13|14|15|20|21"
"4695404","Isaiah Davis","Isaiah","Davis","2","20","True","QUESTIONABLE","325","325","323","170.52","55.59800565",,,,"2|3|23|7|20|21"
"3056916","Eric Wilson","Eric","Wilson","11","16","True","ACTIVE","298","298","306","174.78","153.66511352",,,,"10|15|20|21"
"4240754","Boye Mafe","Boye","Mafe","10","4","True","ACTIVE","597","597","597","171.41","99.71889255",,,,"9|11|15|20|21"
"3138834","Sione Takitaki","Sione","Takitaki","11","0","True","QUESTIONABLE","1840","1840","1840","169.96",,,,,"10|15|20|21"
"4568439","Amare Barno","Amare","Barno","10","0","True","QUESTIONABLE","2166","2161","2161","170.01",,,,,"9|11|15|20|21"
"4887918","Junior Bergen","Junior","Bergen","3","20","True","ACTIVE","2511","2509","2509","169.95",,,,,"3|4|5|23|7|20|21"
"4240759","Esezi Otomewo","Esezi","Otomewo","9","23","True","ACTIVE","2147","2142","2142","170.0",,,,,"8|11|15|20|21"
"4244856","Austin Trammell","Austin","Trammell","3","30","True","ACTIVE","1475","1474","1474","170.0","0.0",,,,"3|4|5|23|7|20|21"
"2094390","Michael Dansby","Michael","Dansby","12","26","True","ACTIVE","2610","2607","2607","169.96",,,,,"25|12|14|15|20|21"
"4429185","Austin Keys","Austin","Keys","11","22","True","QUESTIONABLE","2554","2541","2541","170.01",,,,,"10|15|20|21"
"4035861","Cam Bynum","Cam","Bynum","13","11","True","ACTIVE","652","652","652","170.59","122.90566061",,,,"13|14|15|20|21"
"4429190","Akheem Mesidor","Akheem","Mesidor","10","24","True","ACTIVE","717","717","717","170.3","81.07488339",,,,"9|11|15|20|21"
"4035857","Cameron Goode","Cameron","Goode","10","15","True","ACTIVE","961","961","961","169.98","47.64970578",,,,"9|11|15|20|21"
"4429193","Kris Abrams-Draine","Kris","Abrams-Draine","12","7","True","ACTIVE","1303","1303","1303","170.0","7.03109687",,,,"12|14|15|20|21"
"4240778","Jamin Davis","Jamin","Davis","10","23","True","ACTIVE","2057","2052","2052","170.0",,,,,"9|11|15|20|21"
"3044729","Jalen Reeves-Maybin","Jalen","Reeves-Maybin","11","0","True","ACTIVE","1719","1719","1719","170.0",,,,,"10|15|20|21"
"4429067","Clark Phillips III","Clark","Phillips III","12","1","True","ACTIVE","2224","2219","2219","170.03",,,,,"12|14|15|20|21"
"4240655","Jonathan Garvin","Jonathan","Garvin","10","3","True","INJURY_RESERVE","2021","2017","2017","169.98",,,,,"9|11|15|20|21"
"4048259","Avery Williams","Avery","Williams","2","0","True","ACTIVE","2077","2072","2072","169.99",,,,,"2|3|23|7|20|21"
"4363538","Chad Ryland","Chad","Ryland","5","22","True","ACTIVE","502","502","502","169.88","130.61803897",,,,"17|20|21"
"4429073","Fadil Diggs","Fadil","Diggs","10","18","True","ACTIVE","2512","2510","2510","170.0","0.0",,,,"9|11|15|20|21"
"4240657","Michael Carter","Michael","Carter","2","10","True","ACTIVE","1419","1418","1418","169.98",,,,,"2|3|23|7|20|21"
"3044724","Cameron Sutton","Cameron","Sutton","13","0","True","ACTIVE","1755","1755","1755","170.0",,,,,"13|14|15|20|21"
"4429071","Cody Simon","Cody","Simon","11","22","True","ACTIVE","647","647","647","170.61","87.90914427",,,,"10|15|20|21"
"4371733","Kenny Gainwell","Kenny","Gainwell","2","27","True","ACTIVE","132","120","123","117.93","198.82214705",,,,"2|3|23|7|20|21"
"4371731","Quindell Johnson","Quindell","Johnson","13","0","True","ACTIVE","2326","2337","2337","170.02",,,,,"13|14|15|20|21"
"3044720","Joshua Dobbs","Joshua","Dobbs","1","8","True","ACTIVE","1257","1257","1257","169.92","10.4827516","21.32335486","13.53826106","132.9257877","0|7|20|21"
"4429086","Michael Mayer","Michael","Mayer","4","13","True","ACTIVE","441","418","430","170.36","117.35949693",,,,"5|6|23|7|20|21"
"4429084","Anthony Richardson Sr.","Anthony","Richardson Sr.","1","11","True","ACTIVE","478","478","478","169.96",,,,,"0|7|20|21"
"4048244","Alexander Mattison","Alexander","Mattison","2","0","True","ACTIVE","1898","1898","1898","169.99",,,,,"2|3|23|7|20|21"
"4363554","Thomas Odukoya","Thomas","Odukoya","4","0","True","ACTIVE","2430","2425","2425","169.97",,,,,"5|6|23|7|20|21"
"4363551","Dylan Drummond","Dylan","Drummond","3","1","True","ACTIVE","1523","1523","1523","170.0","0.0",,,,"3|4|5|23|7|20|21"
"3925358","Kendall Sheffield","Kendall","Sheffield","12","0","True","QUESTIONABLE","1863","1863","1863","170.0",,,,,"12|14|15|20|21"
"4044144","Kenny Yeboah","Kenny","Yeboah","4","0","True","QUESTIONABLE","2101","2096","2096","170.0",,,,,"5|6|23|7|20|21"
"3925357","Calvin Ridley","Calvin","Ridley","3","10","True","ACTIVE","189","189","210","168.13","164.19261798",,,,"3|4|5|23|7|20|21"
"4240677","Jordon Riley","Jordon","Riley","9","9","True","OUT","2281","2276","2276","170.0",,,,,"8|11|15|20|21"
"3052926","Demone Harris","Demone","Harris","10","0","True","ACTIVE","1803","1803","1803","170.0",,,,,"9|11|15|20|21"
"4429097","Curtis Jacobs","Curtis","Jacobs","11","28","True","ACTIVE","2471","2452","2452","170.0",,,,,"10|15|20|21"
"4879650","Grant DuBose","Grant","DuBose","3","0","True","QUESTIONABLE","2220","2215","2215","170.0",,,,,"3|4|5|23|7|20|21"
"4429096","Blake Corum","Blake","Corum","2","14","True","ACTIVE","144","151","177","136.59","196.01145167",,,,"2|3|23|7|20|21"
"3044732","Kendal Vickers","Kendal","Vickers","9","0","True","ACTIVE","2029","2025","2025","170.0",,,,,"8|11|15|20|21"
"3925350","Anfernee Jennings","Anfernee","Jennings","10","18","True","ACTIVE","1153","1153","1153","170.0","15.81717328",,,,"9|11|15|20|21"
"3925354","Daron Payne","Daron","Payne","9","28","True","ACTIVE","708","708","708","171.64","76.41287742",,,,"8|11|15|20|21"
"4044132","William Kwenkeu","William","Kwenkeu","11","0","True","ACTIVE","2198","2194","2194","169.98",,,,,"10|15|20|21"
"4048228","John Bates","John","Bates","4","28","True","QUESTIONABLE","1038","1038","1038","169.98","47.94571467",,,,"5|6|23|7|20|21"
"4572460","Tyler Owens","Tyler","Owens","13","28","True","ACTIVE","2456","2453","2453","170.0",,,,,"13|14|15|20|21"
"4429105","Arian Smith","Arian","Smith","3","20","True","ACTIVE","1332","1332","1332","169.98","3.51184049",,,,"3|4|5|23|7|20|21"
"4044133","Sam Franklin Jr.","Sam","Franklin Jr.","13","2","True","ACTIVE","2033","2024","2024","170.0",,,,,"13|14|15|20|21"
"4429110","Lathan Ransom","Lathan","Ransom","13","29","True","ACTIVE","960","960","960","169.97","39.16250496",,,,"13|14|15|20|21"
"4240692","Monty Rice","Monty","Rice","11","14","True","ACTIVE","2059","2054","2054","170.02",,,,,"10|15|20|21"
"4429109","Tonka Hemingway","Tonka","Hemingway","9","13","True","ACTIVE","1061","1061","1061","170.07","26.0803918",,,,"8|11|15|20|21"
"4875564","Bo Richter","Bo","Richter","10","16","True","ACTIVE","1071","1071","1071","170.0","26.63058041",,,,"9|11|15|20|21"
"4683062","Xavier Worthy","Xavier","Worthy","3","12","True","QUESTIONABLE","108","111","147","123.99","208.51538942",,,,"3|4|5|23|7|20|21"
"3925345","Minkah Fitzpatrick","Minkah","Fitzpatrick","13","20","True","ACTIVE","461","461","461","175.7","141.63825193",,,,"13|14|15|20|21"
"4429111","BJ Ojulari","BJ","Ojulari","10","22","True","ACTIVE","963","963","963","170.0","46.2979735",,,,"9|11|15|20|21"
"4683059","Collin Oliver","Collin","Oliver","10","9","True","ACTIVE","2493","2491","2491","170.0","0.0",,,,"9|11|15|20|21"
"3917142","Akeem Davis-Gaither","Akeem","Davis-Gaither","11","11","True","ACTIVE","593","593","593","172.35","125.10951041",,,,"10|15|20|21"
"4240703","Kenny Pickett","Kenny","Pickett","1","29","True","ACTIVE","1244","1244","1244","169.95","10.76540362","22.56371313","14.11808558","153.6136044","0|7|20|21"
"2577757","T.Y. McGill","T.Y.","McGill","9","0","True","ACTIVE","1762","1762","1762","170.0",,,,,"8|11|15|20|21"
"4429121","Kalel Mullings","Kalel","Mullings","2","10","True","QUESTIONABLE","1575","1575","1575","170.0",,,,,"2|3|23|7|20|21"
"4240706","Jason Pinnock","Jason","Pinnock","13","19","True","ACTIVE","928","928","928","170.0","45.40931505",,,,"13|14|15|20|21"
"4875592","Jackson Kuwatch","Jackson","Kuwatch","11","29","True","ACTIVE","2594","2609","2609","169.91",,,,,"25|10|15|20|21"
"3052897","Durham Smythe","Durham","Smythe","4","33","True","ACTIVE","1106","1106","1106","169.97","32.48281108",,,,"5|6|23|7|20|21"
"4240707","Damarri Mathis","Damarri","Mathis","12","5","True","INJURY_RESERVE","2141","2136","2136","169.98",,,,,"12|14|15|20|21"
"4248899","Marte Mapu","Marte","Mapu","11","34","True","QUESTIONABLE","704","704","704","170.0","48.83404915",,,,"10|15|20|21"
"4044111","Chris Oladokun","Chris","Oladokun","1","12","True","ACTIVE","1461","1460","1460","169.99",,,,,"0|7|20|21"
"5088571","Bryce Boettcher","Bryce","Boettcher","11","11","True","ACTIVE","749","749","749","170.0","24.83013763",,,,"25|10|15|20|21"
"4429128","Dwight McGlothern Jr.","Dwight","McGlothern Jr.","12","16","True","ACTIVE","2447","2443","2443","170.0","0.0",,,,"12|14|15|20|21"
"4429262","Jaheim Bell","Jaheim","Bell","4","23","True","ACTIVE","1540","1539","1539","170.0",,,,,"5|6|23|7|20|21"
"9614","Marcedes Lewis","Marcedes","Lewis","4","0","True","ACTIVE","1858","1858","1858","169.99",,,,,"5|6|23|7|20|21"
"4683215","Danny Stutsman","Danny","Stutsman","11","18","True","ACTIVE","656","656","656","170.3","68.6408119",,,,"10|15|20|21"
"4240849","Charles Snowden","Charles","Snowden","10","0","True","SUSPENSION","2112","2107","2107","169.98","0.0",,,,"9|11|15|20|21"
"4036032","Brittain Brown","Brittain","Brown","2","3","True","ACTIVE","1462","1461","1461","169.99",,,,,"2|3|23|7|20|21"
"4367828","Truman Jones","Truman","Jones","10","10","True","ACTIVE","2459","2457","2457","170.0",,,,,"9|11|15|20|21"
"4257240","Tycen Anderson","Tycen","Anderson","13","7","True","ACTIVE","2149","2144","2144","170.0",,,,,"13|14|15|20|21"
"5529","Philip Rivers","Philip","Rivers","1","11","True","ACTIVE","1947","2557","2557","169.66",,,,,"0|7|20|21"
"4240858","Hendon Hooker","Hendon","Hooker","1","10","True","ACTIVE","1485","1484","1484","169.99",,,,,"0|7|20|21"
"4240859","Caleb Farley","Caleb","Farley","12","0","True","ACTIVE","2062","2057","2057","170.0",,,,,"12|14|15|20|21"
"4036026","Dez Fitzpatrick","Dez","Fitzpatrick","3","0","True","QUESTIONABLE","2068","2063","2063","170.0",,,,,"3|4|5|23|7|20|21"
"4367835","Chris Smith","Chris","Smith","9","8","True","ACTIVE","2461","2458","2458","170.0",,,,,"8|11|15|20|21"
"4429275","Trey Benson","Trey","Benson","2","22","True","QUESTIONABLE","1526","1525","1525","169.95","0.0",,,,"2|3|23|7|20|21"
"3122630","Ahkello Witherspoon","Ahkello","Witherspoon","12","28","True","ACTIVE","1798","1798","1798","169.98","0.0",,,,"12|14|15|20|21"
"4429281","Korie Black","Korie","Black","12","19","True","ACTIVE","1590","1590","1590","169.96","0.0",,,,"12|14|15|20|21"
"4371940","Milo Eifler","Milo","Eifler","11","10","True","INJURY_RESERVE","2124","2119","2119","169.97",,,,,"10|15|20|21"
"3917232","Tyler Bass","Tyler","Bass","5","2","True","ACTIVE","490","490","490","169.53","145.11200783",,,,"17|20|21"
"4429291","Beau Brade","Beau","Brade","13","19","True","ACTIVE","1561","1560","1560","170.0",,,,,"13|14|15|20|21"
"2971027","Jonathan Jones","Jonathan","Jones","12","21","True","QUESTIONABLE","1122","1122","1122","170.0","20.11060197",,,,"12|14|15|20|21"
"4371954","Jaylin Williams","Jaylin","Williams","12","0","True","ACTIVE","2331","2325","2325","170.0",,,,,"12|14|15|20|21"
"4683243","Mitchell Evans","Mitchell","Evans","4","29","True","ACTIVE","1574","1574","1574","169.99","0.0",,,,"5|6|23|7|20|21"
"4429299","Tahj Brooks","Tahj","Brooks","2","4","True","ACTIVE","398","398","411","170.17","18.39903058",,,,"2|3|23|7|20|21"
"4371961","Micah McFadden","Micah","McFadden","11","19","True","ACTIVE","731","731","731","170.05","31.32021551",,,,"10|15|20|21"
"4371959","Cam Jones","Cam","Jones","11","12","True","ACTIVE","2353","2326","2326","170.0",,,,,"10|15|20|21"
"3909013","Christian Rozeboom","Christian","Rozeboom","11","27","True","ACTIVE","710","710","710","170.23","36.33539131",,,,"10|15|20|21"
"4076951","Nathan Shepherd","Nathan","Shepherd","9","18","True","ACTIVE","729","729","729","171.02","71.01345961",,,,"8|11|15|20|21"
"4249087","Matt Gay","Matt","Gay","5","13","True","ACTIVE","497","497","497","169.45","138.26896944",,,,"17|20|21"
"4240896","Micheal Clemons","Micheal","Clemons","10","11","True","ACTIVE","943","943","943","170.0","45.57274907",,,,"9|11|15|20|21"
"4371973","Roger McCreary","Roger","McCreary","12","8","True","ACTIVE","847","847","847","170.23","84.30490963",,,,"12|14|15|20|21"
"4572680","Tucker Kraft","Tucker","Kraft","4","9","True","QUESTIONABLE","124","124","129","89.96","255.85587306",,,,"5|6|23|7|20|21"
"4240900","Buddy Johnson","Buddy","Johnson","11","13","True","QUESTIONABLE","2061","2056","2056","170.0",,,,,"10|15|20|21"
"5121433","Zach Durfee","Zach","Durfee","10","30","True","ACTIVE","2612","2615","2615","169.95",,,,,"25|9|11|15|20|21"
"4240780","Lonnie Johnson Jr.","Lonnie","Johnson Jr.","13","15","True","QUESTIONABLE","958","958","958","170.0","43.6286629",,,,"13|14|15|20|21"
"4683153","Skyler Bell","Skyler","Bell","3","2","True","QUESTIONABLE","1073","1073","1073","169.96","33.73254279",,,,"25|3|4|5|23|7|20|21"
"3917315","Kyler Murray","Kyler","Murray","1","16","True","ACTIVE","165","165","75","146.62","289.56583457","490.167363","330.6924147","3347.300939","0|7|20|21"
"4683151","Deion Burks","Deion","Burks","3","11","True","ACTIVE","1644","1636","1636","170.0",,,,,"25|3|4|5|23|7|20|21"
"4429202","Israel Abanikanda","Israel","Abanikanda","2","6","True","ACTIVE","1492","1491","1491","169.93",,,,,"2|3|23|7|20|21"
"3053044","Yannick Ngakoue","Yannick","Ngakoue","10","0","True","ACTIVE","1675","1675","1675","170.0",,,,,"9|11|15|20|21"
"4429205","Jordan Addison","Jordan","Addison","3","16","True","ACTIVE","92","107","142","115.38","206.50612381",,,,"3|4|5|23|7|20|21"
"4683159","Lewis Bond","Lewis","Bond","3","34","True","ACTIVE","1269","1269","1269","169.99","9.09253738",,,,"25|3|4|5|23|7|20|21"
"4257188","Charlie Jones","Charlie","Jones","3","4","True","ACTIVE","1340","1340","1340","169.98","70.52005069",,,,"3|4|5|23|7|20|21"
"4568490","RJ Harvey","RJ","Harvey","2","7","True","ACTIVE","175","152","178","138.7","193.17658475",,,,"2|3|23|7|20|21"
"4036076","Rashad Weaver","Rashad","Weaver","10","0","True","ACTIVE","2093","2088","2088","170.0",,,,,"9|11|15|20|21"
"3044859","Chris Jones","Chris","Jones","9","12","True","ACTIVE","636","636","636","172.59","95.39914608",,,,"8|11|15|20|21"
"3139033","Mike Boone","Mike","Boone","2","0","True","ACTIVE","1908","1907","1907","169.99",,,,,"2|3|23|7|20|21"
"4384171","Tanner McLachlan","Tanner","McLachlan","4","25","True","QUESTIONABLE","1543","1542","1542","170.0",,,,,"5|6|23|7|20|21"
"4568492","Nick Jackson","Nick","Jackson","11","27","True","ACTIVE","2526","2524","2524","170.0",,,,,"10|15|20|21"
"4036063","Patrick Jones II","Patrick","Jones II","10","29","True","ACTIVE","666","666","666","170.45","84.21478729",,,,"9|11|15|20|21"
"4568506","Garrett Williams","Garrett","Williams","12","22","True","ACTIVE","863","863","863","170.03","64.13326251",,,,"12|14|15|20|21"
"4027873","Samori Toure","Samori","Toure","3","21","True","ACTIVE","1459","1458","1458","170.0",,,,,"3|4|5|23|7|20|21"
"4036060","Damar Hamlin","Damar","Hamlin","13","2","True","ACTIVE","2100","2095","2095","169.98",,,,,"13|14|15|20|21"
"4240824","Joey Blount","Joey","Blount","13","22","True","INJURY_RESERVE","2328","2331","2331","170.0",,,,,"13|14|15|20|21"
"4683188","Mike Green","Mike","Green","10","33","True","ACTIVE","735","735","735","170.3","75.53685539",,,,"9|11|15|20|21"
"2508256","MyCole Pruitt","MyCole","Pruitt","4","0","True","ACTIVE","1812","1812","1812","169.99",,,,,"5|6|23|7|20|21"
"4601278","Nate Wiggins","Nate","Wiggins","12","33","True","ACTIVE","658","658","658","173.29","132.46312896",,,,"12|14|15|20|21"
"4249030","D.J. Montgomery","D.J.","Montgomery","3","11","True","ACTIVE","1440","1439","1439","169.97",,,,,"3|4|5|23|7|20|21"
"3892689","Jeremiah Ledbetter","Jeremiah","Ledbetter","9","0","True","ACTIVE","1814","1814","1814","170.0",,,,,"8|11|15|20|21"
"4036169","Nick McCloud","Nick","McCloud","12","0","True","ACTIVE","2108","2103","2103","170.0",,,,,"12|14|15|20|21"
"4429392","Elijah Chatman","Elijah","Chatman","9","5","True","ACTIVE","2428","2423","2423","170.0","0.0",,,,"8|11|15|20|21"
"4257364","Zavier Scott","Zavier","Scott","2","16","True","ACTIVE","1604","1604","1604","169.99","0.0",,,,"2|3|23|7|20|21"
"4372051","Chance Campbell","Chance","Campbell","11","21","True","QUESTIONABLE","2152","2147","2147","170.0",,,,,"10|15|20|21"
"2991662","Mack Hollins","Mack","Hollins","3","17","True","ACTIVE","1075","1075","1075","169.94","33.19403819",,,,"3|4|5|23|7|20|21"
"4568662","Brandon Hill","Brandon","Hill","13","0","True","ACTIVE","2267","2262","2262","169.99",,,,,"13|14|15|20|21"
"4683347","Caleb Ransaw","Caleb","Ransaw","13","30","True","ACTIVE","905","905","905","170.01","62.10478063",,,,"13|14|15|20|21"
"4372062","Michael Barrett","Michael","Barrett","11","0","True","ACTIVE","2410","2405","2405","170.0",,,,,"10|15|20|21"
"4036153","Kristian Welch","Kristian","Welch","11","9","True","ACTIVE","2038","2028","2028","169.99",,,,,"10|15|20|21"
"4372066","Jake Moody","Jake","Moody","5","0","True","ACTIVE","2211","2206","2206","169.91","0.0",,,,"17|20|21"
"4372063","Ronnie Bell","Ronnie","Bell","3","18","True","ACTIVE","1500","1499","1499","170.0",,,,,"3|4|5|23|7|20|21"
"3929645","Juwan Johnson","Juwan","Johnson","4","18","True","ACTIVE","262","210","329","163.32","207.13336122",,,,"5|6|23|7|20|21"
"4372070","Ben VanSumeren","Ben","VanSumeren","2","2","True","ACTIVE","1515","1514","1514","169.99",,,,,"2|3|23|7|20|21"
"3122752","Kenny Clark","Kenny","Clark","9","6","True","ACTIVE","840","840","840","170.17","61.54298695",,,,"8|11|15|20|21"
"4568682","Raymond Vohasek","Raymond","Vohasek","9","0","True","ACTIVE","2280","2275","2275","169.96",,,,,"8|11|15|20|21"
"4429411","Jordan Clark","Jordan","Clark","12","20","True","ACTIVE","2529","2527","2527","170.0","0.0",,,,"12|14|15|20|21"
"4896353","Jimmy Rolder","Jimmy","Rolder","11","8","True","QUESTIONABLE","755","755","755","170.0","21.38492131",,,,"25|10|15|20|21"
"4372071","Hassan Haskins","Hassan","Haskins","2","17","True","ACTIVE","1445","1444","1444","169.99",,,,,"2|3|23|7|20|21"
"5178972","Jakobie Keeney-James","Jakobie","Keeney-James","3","23","True","ACTIVE","1619","1606","1606","169.99",,,,,"3|4|5|23|7|20|21"
"4036141","Nick Niemann","Nick","Niemann","11","9","True","ACTIVE","2060","2055","2055","170.0",,,,,"10|15|20|21"
"3892773","Blake Lynch","Blake","Lynch","11","0","True","ACTIVE","2034","2046","2046","170.0",,,,,"10|15|20|21"
"3929637","Dan Chisena","Dan","Chisena","3","29","True","INJURY_RESERVE","1414","1414","1414","169.99",,,,,"3|4|5|23|7|20|21"
"3929636","Irv Charles","Irv","Charles","3","26","True","ACTIVE","1512","1511","1511","170.0",,,,,"3|4|5|23|7|20|21"
"4572786","Dennis Houston","Dennis","Houston","3","27","True","QUESTIONABLE","1477","1476","1476","169.99",,,,,"3|4|5|23|7|20|21"
"4036132","Chauncey Golston","Chauncey","Golston","10","19","True","ACTIVE","1124","1124","1124","170.0","18.88743382",,,,"9|11|15|20|21"
"4241007","D'Marco Jackson","D'Marco","Jackson","11","3","True","ACTIVE","728","728","728","170.01","32.72355796",,,,"10|15|20|21"
"3929641","Kevin Givens","Kevin","Givens","9","0","True","ACTIVE","1971","1967","1967","169.99","0.0",,,,"8|11|15|20|21"
"4036131","Noah Fant","Noah","Fant","4","18","True","ACTIVE","1030","1030","1030","169.96","51.5628112",,,,"5|6|23|7|20|21"
"4036134","Amani Hooker","Amani","Hooker","13","10","True","ACTIVE","577","577","577","173.88","132.62305186",,,,"13|14|15|20|21"
"3892775","Jarrett Stidham","Jarrett","Stidham","1","7","True","ACTIVE","479","479","479","169.96","12.64886293","22.2272284","13.75595379","161.5190943","0|7|20|21"
"4036133","T.J. Hockenson","T.J.","Hockenson","4","16","True","ACTIVE","207","138","154","132.88","232.42172545",,,,"5|6|23|7|20|21"
"3929630","Saquon Barkley","Saquon","Barkley","2","21","True","ACTIVE","15","18","39","15.63","293.49341023",,,,"2|3|23|7|20|21"
"4372085","Cameron McGrone","Cameron","McGrone","11","13","True","ACTIVE","2099","2094","2094","170.0",,,,,"10|15|20|21"
"4568703","Dorian Strong","Dorian","Strong","12","2","True","OUT","2501","2499","2499","170.0","0.0",,,,"12|14|15|20|21"
"4232830","Nicholas Morrow","Nicholas","Morrow","11","0","True","ACTIVE","1704","1704","1704","170.0",,,,,"10|15|20|21"
"4249214","Andre Jones Jr.","Andre","Jones Jr.","10","2","True","ACTIVE","2246","2241","2241","170.0",,,,,"9|11|15|20|21"
"4429435","Brady Cook","Brady","Cook","1","20","True","ACTIVE","1605","1605","1605","169.98","0.0",,,,"0|7|20|21"
"4372096","Luke Schoonmaker","Luke","Schoonmaker","4","6","True","ACTIVE","1076","1076","1076","169.92","38.18910278",,,,"5|6|23|7|20|21"
"4875912","Tejhaun Palmer","Tejhaun","Palmer","3","17","True","ACTIVE","1539","1538","1538","170.0",,,,,"3|4|5|23|7|20|21"
"4027919","Khalil Dorsey","Khalil","Dorsey","12","8","True","ACTIVE","2049","2031","2031","169.95",,,,,"12|14|15|20|21"
"4368003","Andrei Iosivas","Andrei","Iosivas","3","4","True","ACTIVE","419","419","431","170.08","69.02957539",,,,"3|4|5|23|7|20|21"
"4372099","Aidan Hutchinson","Aidan","Hutchinson","10","8","True","ACTIVE","187","187","195","139.81","147.72493227",,,,"9|11|15|20|21"
"4429324","Cobee Bryant","Cobee","Bryant","12","1","True","ACTIVE","2545","2582","2582","169.94","0.0",,,,"12|14|15|20|21"
"4240911","Jacob Kibodi","Jacob","Kibodi","2","0","True","ACTIVE","2480","2477","2477","169.95",,,,,"2|3|23|7|20|21"
"4683276","Zeek Biggers","Zeek","Biggers","9","15","True","ACTIVE","1050","1050","1050","169.94","27.42516735",,,,"8|11|15|20|21"
"4572685","Zah Frazier","Zah","Frazier","12","0","True","ACTIVE","2515","2513","2513","170.0",,,,,"12|14|15|20|21"
"4408854","Jody Fortson","Jody","Fortson","4","0","True","ACTIVE","2102","2097","2097","170.0",,,,,"5|6|23|7|20|21"
"3122797","Isaac Yiadom","Isaac","Yiadom","12","18","True","ACTIVE","1327","1327","1327","170.0","4.56122359",,,,"12|14|15|20|21"
"4036219","Qwuantrezz Knight","Qwuantrezz","Knight","13","28","True","ACTIVE","2325","2351","2351","169.99",,,,,"13|14|15|20|21"
"2582132","Adrian Amos","Adrian","Amos","13","0","True","ACTIVE","1844","1844","1844","170.0",,,,,"13|14|15|20|21"
"4572704","Branson Combs","Branson","Combs","11","30","True","ACTIVE","2524","2522","2522","170.0","0.0",,,,"10|15|20|21"
"5150249","Justin Jefferson","Justin","Jefferson","11","5","True","ACTIVE","722","722","722","169.78","32.75567718",,,,"25|10|15|20|21"
"5150247","Malik Benson","Malik","Benson","3","13","True","ACTIVE","979","979","979","169.98","58.67675703",,,,"25|3|4|5|23|7|20|21"
"4240927","Jayden Peevy","Jayden","Peevy","9","0","True","ACTIVE","2195","2191","2191","170.0",,,,,"8|11|15|20|21"
"4036211","DJ Turner","DJ","Turner","3","0","True","QUESTIONABLE","2180","2175","2175","170.0",,,,,"3|4|5|23|7|20|21"
"4568617","Jordan Magee","Jordan","Magee","11","28","True","QUESTIONABLE","2367","2362","2362","170.0","0.0",,,,"10|15|20|21"
"4249128","Quentin Lake","Quentin","Lake","12","14","True","ACTIVE","268","268","279","160.66","167.95102998",,,,"12|14|15|20|21"
"4605478","Jared Ivey","Jared","Ivey","10","26","True","ACTIVE","1287","1287","1287","170.0","7.50977723",,,,"9|11|15|20|21"
"4568624","Dorian Williams","Dorian","Williams","11","2","True","ACTIVE","644","644","644","170.49","87.35800767",,,,"10|15|20|21"
"4372012","Pat Surtain II","Pat","Surtain II","12","7","True","ACTIVE","787","787","787","167.1","117.50424478",,,,"12|14|15|20|21"
"4372017","Jalyn Armour-Davis","Jalyn","Armour-Davis","12","0","True","QUESTIONABLE","2139","2134","2134","170.0",,,,,"12|14|15|20|21"
"2983509","Dare Ogunbowale","Dare","Ogunbowale","2","13","True","ACTIVE","1374","1374","1374","169.98",,,,,"2|3|23|7|20|21"
"4372016","Jaylen Waddle","Jaylen","Waddle","3","7","True","ACTIVE","52","48","84","57.1","259.44939477",,,,"3|4|5|23|7|20|21"
"4605498","Decamerion Richardson","Decamerion","Richardson","12","13","True","ACTIVE","2369","2364","2364","170.0",,,,,"12|14|15|20|21"
"4372019","Jerome Ford","Jerome","Ford","2","0","True","QUESTIONABLE","1455","1454","1454","169.98","0.0",,,,"2|3|23|7|20|21"
"4372020","Josh Jobe","Josh","Jobe","12","26","True","ACTIVE","841","841","841","170.11","96.80144786",,,,"12|14|15|20|21"
"4372026","Cameron Latu","Cameron","Latu","4","21","True","ACTIVE","1488","1487","1487","169.99",,,,,"5|6|23|7|20|21"
"4605491","Connor O'Toole","Connor","O'Toole","10","26","True","ACTIVE","2535","2543","2543","170.0","0.0",,,,"9|11|15|20|21"
"3122793","Harold Landry III","Harold","Landry III","10","17","True","OUT","567","567","567","172.76","104.87607445",,,,"9|11|15|20|21"
"4372030","Christian Barmore","Christian","Barmore","9","17","True","ACTIVE","880","880","880","169.97","57.36561221",,,,"8|11|15|20|21"
"4032200","Robert Rochell","Robert","Rochell","12","29","True","ACTIVE","2067","2062","2062","170.0",,,,,"12|14|15|20|21"
"4708049","Gavin Bartholomew","Gavin","Bartholomew","4","16","True","ACTIVE","1573","1573","1573","169.98",,,,,"5|6|23|7|20|21"
"2975417","Patrick Ricard","Patrick","Ricard","2","19","True","ACTIVE","1291","1291","1291","169.97","7.9297735",,,,"2|3|23|7|20|21"
"3155647","Mike Edwards","Mike","Edwards","13","0","True","ACTIVE","1851","1851","1851","169.99",,,,,"13|14|15|20|21"
"13971","Cameron Jordan","Cameron","Jordan","10","18","True","QUESTIONABLE","866","866","866","170.06","62.46412375",,,,"9|11|15|20|21"
"13976","Von Miller","Von","Miller","10","6","True","ACTIVE","915","915","915","170.01","51.9933691",,,,"9|11|15|20|21"
"13977","Cameron Heyward","Cameron","Heyward","9","23","True","ACTIVE","606","606","606","172.11","89.79574189",,,,"8|11|15|20|21"
"4912847","Jacob Parrish","Jacob","Parrish","12","27","True","ACTIVE","727","727","727","170.63","111.33496792",,,,"12|14|15|20|21"
"4876006","Zaire Mitchell-Paden","Zaire","Mitchell-Paden","4","18","True","ACTIVE","1630","1615","1615","170.0",,,,,"5|6|23|7|20|21"
"3843769","Donte Jackson","Donte","Jackson","12","24","True","ACTIVE","891","891","891","170.09","91.60023961",,,,"12|14|15|20|21"
"3929785","Nick Westbrook-Ikhine","Nick","Westbrook-Ikhine","3","11","True","ACTIVE","1156","1156","1156","169.99","19.86590681",,,,"3|4|5|23|7|20|21"
"4036275","Sean McKeon","Sean","McKeon","4","11","True","QUESTIONABLE","2026","2021","2021","170.0",,,,,"5|6|23|7|20|21"
"4376288","LaCale London","LaCale","London","9","1","True","ACTIVE","856","856","856","169.97","60.21730844",,,,"8|11|15|20|21"
"3122882","Marcus Williams","Marcus","Williams","13","0","True","ACTIVE","1741","1741","1741","170.0",,,,,"13|14|15|20|21"
"4261606","Darren Hall","Darren","Hall","12","1","True","ACTIVE","2075","2070","2070","170.0",,,,,"12|14|15|20|21"
"4687592","Jonah Elliss","Jonah","Elliss","10","7","True","ACTIVE","906","906","906","169.95","55.97590396",,,,"9|11|15|20|21"
"4691688","Robbie Ouzts","Robbie","Ouzts","2","26","True","INJURY_RESERVE","1591","1591","1591","169.99",,,,,"2|3|23|7|20|21"
"4695783","Myles Harden","Myles","Harden","12","5","True","ACTIVE","895","895","895","169.99","70.96153799",,,,"12|14|15|20|21"
"3122840","Deshaun Watson","Deshaun","Watson","1","5","True","ACTIVE","387","387","230","170.05","140.52421557","311.3376962","191.4067621","2040.430254","0|7|20|21"
"4368113","Charles Woods","Charles","Woods","12","17","True","ACTIVE","1213","1213","1213","169.97","10.80707142",,,,"12|14|15|20|21"
"3008150","Eli Ankou","Eli","Ankou","9","0","True","ACTIVE","1813","1813","1813","170.0",,,,,"8|11|15|20|21"
"5125875","Ethan Evans","Ethan","Evans","7","14","True","ACTIVE","552","552","552","170.56","216.50155621",,,,"18|20|21"
"4036261","Devin Bush","Devin","Bush","11","3","True","ACTIVE","272","272","283","173.42","163.46847091",,,,"10|15|20|21"
"4044448","Curtis Robinson","Curtis","Robinson","11","6","True","ACTIVE","2115","2110","2110","170.0",,,,,"10|15|20|21"
"4876013","Jack Browning","Jack","Browning","7","0","True","ACTIVE","2482","2475","2475","169.73",,,,,"18|20|21"
"2971282","DeForest Buckner","DeForest","Buckner","9","11","True","ACTIVE","354","354","359","161.67","113.8628268",,,,"8|11|15|20|21"
"4572922","Christopher Edmonds","Christopher","Edmonds","13","5","True","ACTIVE","2438","2434","2434","169.98",,,,,"13|14|15|20|21"
"2971281","Pharaoh Brown","Pharaoh","Brown","4","11","True","ACTIVE","1399","1399","1399","169.99",,,,,"5|6|23|7|20|21"
"4876017","Carson Schwesinger","Carson","Schwesinger","11","5","True","QUESTIONABLE","137","137","146","127.31","176.5915184",,,,"10|15|20|21"
"2971275","Arik Armstead","Arik","Armstead","9","30","True","ACTIVE","792","792","792","170.41","72.30757905",,,,"8|11|15|20|21"
"4429560","Tommy Eichenberg","Tommy","Eichenberg","11","13","True","ACTIVE","1285","1285","1285","170.03","7.03959316",,,,"10|15|20|21"
"14012","Andy Dalton","Andy","Dalton","1","21","True","ACTIVE","1392","1392","1392","169.97",,,,,"0|7|20|21"
"3892883","Neville Gallimore","Neville","Gallimore","9","3","True","ACTIVE","1032","1032","1032","170.0","29.60588283",,,,"8|11|15|20|21"
"4249342","Mark Robinson","Mark","Robinson","11","0","True","ACTIVE","2159","2154","2154","170.0",,,,,"10|15|20|21"
"3110565","Quincy Williams","Quincy","Williams","11","5","True","ACTIVE","487","487","487","174.27","159.1055384",,,,"10|15|20|21"
"4429568","Martin Emerson Jr.","Martin","Emerson Jr.","12","18","True","ACTIVE","865","865","865","170.1","85.42239836",,,,"12|14|15|20|21"
"4597500","Adonai Mitchell","Adonai","Mitchell","3","20","True","ACTIVE","191","191","213","169.96","153.48651098",,,,"3|4|5|23|7|20|21"
"4880124","Mansoor Delane","Mansoor","Delane","12","12","True","ACTIVE","691","691","691","171.55","126.65815194",,,,"25|12|14|15|20|21"
"4245131","Tim Jones","Tim","Jones","3","30","True","ACTIVE","1466","1465","1465","170.0",,,,,"3|4|5|23|7|20|21"
"3843843","Arden Key","Arden","Key","10","11","True","ACTIVE","765","765","765","170.14","75.5774178",,,,"9|11|15|20|21"
"3929865","Charles Omenihu","Charles","Omenihu","9","28","True","ACTIVE","822","822","822","170.3","73.4414557",,,,"8|11|15|20|21"
"3122930","Derrick Nnadi","Derrick","Nnadi","9","11","True","ACTIVE","1680","1680","1680","170.0",,,,,"8|11|15|20|21"
"4687513","Cam Jackson","Cam","Jackson","9","29","True","ACTIVE","1057","1057","1057","170.0","26.36117497",,,,"8|11|15|20|21"
"4695705","Marlin Klein","Marlin","Klein","4","34","True","ACTIVE","1248","1248","1248","169.98","11.72995372",,,,"25|5|6|23|7|20|21"
"4880014","Miles Scott","Miles","Scott","13","7","True","ACTIVE","2596","2597","2597","169.91",,,,,"25|13|14|15|20|21"
"3929851","Michael Dickson","Michael","Dickson","7","26","True","ACTIVE","543","543","543","169.66","222.77245369",,,,"18|20|21"
"4044540","Isaiah Rodgers","Isaiah","Rodgers","12","16","True","ACTIVE","781","781","781","170.31","101.56846565",,,,"12|14|15|20|21"
"4429466","Drake Dabney","Drake","Dabney","4","9","True","ACTIVE","1612","1625","1625","169.98",,,,,"5|6|23|7|20|21"
"5093004","Keith Abney II","Keith","Abney II","12","8","True","ACTIVE","1125","1125","1125","170.04","19.86528914",,,,"25|12|14|15|20|21"
"4245144","Tay Martin","Tay","Martin","3","8","True","ACTIVE","1479","1478","1478","170.0",,,,,"3|4|5|23|7|20|21"
"3929846","DeShon Elliott","DeShon","Elliott","13","23","True","ACTIVE","382","382","386","176.15","140.16358407",,,,"13|14|15|20|21"
"2979591","Austin Johnson","Austin","Johnson","9","0","True","ACTIVE","1691","1691","1691","170.0",,,,,"8|11|15|20|21"
"3929845","Kris Boyd","Kris","Boyd","12","0","True","QUESTIONABLE","1876","1876","1876","170.0",,,,,"12|14|15|20|21"
"4683423","Riley Leonard","Riley","Leonard","1","11","True","ACTIVE","1237","1237","1237","169.98","11.06366293","22.83640747","14.6466582","158.4683548","0|7|20|21"
"3929850","P.J. Locke","P.J.","Locke","13","6","True","ACTIVE","1123","1123","1123","169.99","20.61512123",,,,"13|14|15|20|21"
"4589212","Jeremy Crawshaw","Jeremy","Crawshaw","7","7","True","ACTIVE","528","528","528","179.83","255.7223226",,,,"18|20|21"
"4040432","L'Jarius Sneed","L'Jarius","Sneed","12","12","True","QUESTIONABLE","869","869","869","170.04","83.22955213",,,,"12|14|15|20|21"
"4036335","Cedrick Wilson Jr.","Cedrick","Wilson Jr.","3","8","True","INJURY_RESERVE","1370","1370","1370","169.98",,,,,"3|4|5|23|7|20|21"
"3122906","Darius Harris","Darius","Harris","11","0","True","QUESTIONABLE","2035","2027","2027","170.0",,,,,"10|15|20|21"
"4429490","Carson Bruener","Carson","Bruener","11","23","True","ACTIVE","2513","2511","2511","170.0",,,,,"10|15|20|21"
"3126997","Tom Kennedy","Tom","Kennedy","3","8","True","ACTIVE","1401","1401","1401","169.98",,,,,"3|4|5|23|7|20|21"
"4683450","Tommy Akingbesote","Tommy","Akingbesote","9","30","True","ACTIVE","2503","2501","2501","170.0",,,,,"8|11|15|20|21"
"5076652","Brandon Cisse","Brandon","Cisse","12","9","True","ACTIVE","1127","1127","1127","169.97","20.30901416",,,,"25|12|14|15|20|21"
"4880048","James Burnip","James","Burnip","7","0","True","ACTIVE","2517","2515","2515","169.49",,,,,"18|20|21"
"3929814","Josh Butler","Josh","Butler","12","6","True","ACTIVE","2446","2442","2442","169.97",,,,,"12|14|15|20|21"
"4429501","Ray Davis","Ray","Davis","2","2","True","ACTIVE","206","206","277","170.92","194.68774261",,,,"2|3|23|7|20|21"
"4589248","Tyreik McAllister","Tyreik","McAllister","3","0","True","ACTIVE","2423","2418","2418","169.99",,,,,"3|4|5|23|7|20|21"
"4245185","Riq Woolen","Riq","Woolen","12","21","True","ACTIVE","851","851","851","170.14","102.35306732",,,,"12|14|15|20|21"
"2987743","Elandon Roberts","Elandon","Roberts","11","23","True","ACTIVE","695","695","695","170.07","38.49358772",,,,"10|15|20|21"
"2574056","Kevin Byard","Kevin","Byard","13","17","True","ACTIVE","625","625","625","172.43","123.32131185",,,,"13|14|15|20|21"
"4429511","SirVocea Dennis","SirVocea","Dennis","11","27","True","ACTIVE","632","632","632","170.89","100.66336312",,,,"10|15|20|21"
"4036419","Skylar Thompson","Skylar","Thompson","1","33","True","INJURY_RESERVE","1460","1459","1459","169.99",,,,,"0|7|20|21"
"3045172","Folorunso Fatukasi","Folorunso","Fatukasi","9","13","True","ACTIVE","1764","1764","1764","169.96",,,,,"8|11|15|20|21"
"4695883","Jalen Coker","Jalen","Coker","3","29","True","ACTIVE","163","163","191","159.93","180.26102073",,,,"3|4|5|23|7|20|21"
"2979632","Josh Tupou","Josh","Tupou","9","19","True","ACTIVE","1316","1316","1316","170.0","4.67055257",,,,"8|11|15|20|21"
"3045169","Tim Boyle","Tim","Boyle","1","0","True","ACTIVE","1880","1880","1880","169.99",,,,,"0|7|20|21"
"4384595","Khristian Boyd","Khristian","Boyd","9","18","True","ACTIVE","1209","1209","1209","170.0","9.51126329",,,,"8|11|15|20|21"
"3118892","Justin Watson","Justin","Watson","3","34","True","ACTIVE","1094","1094","1094","169.97","30.51282809",,,,"3|4|5|23|7|20|21"
"3041098","Parry Nickerson","Parry","Nickerson","12","0","True","ACTIVE","1778","1778","1778","170.0",,,,,"12|14|15|20|21"
"4605792","Adin Huntington","Adin","Huntington","9","5","True","ACTIVE","1202","1202","1202","169.99","10.1926153",,,,"8|11|15|20|21"
"4876132","Josh Cuevas","Josh","Cuevas","4","33","True","ACTIVE","1258","1259","1259","169.98","11.02062689",,,,"25|5|6|23|7|20|21"
"3929914","Adam Prentice","Adam","Prentice","2","7","True","ACTIVE","1214","1214","1214","169.98","11.18359304",,,,"2|3|23|7|20|21"
"5216101","Dondrea Tillman","Dondrea","Tillman","10","7","True","ACTIVE","941","941","941","170.0","48.26715845",,,,"9|11|15|20|21"
"4241250","Jake Hummel","Jake","Hummel","11","34","True","ACTIVE","2297","2292","2292","170.0",,,,,"10|15|20|21"
"5085024","CJ Williams","CJ","Williams","3","30","True","ACTIVE","1649","1632","1632","169.99",,,,,"25|3|4|5|23|7|20|21"
"3917612","Ke'Shawn Vaughn","Ke'Shawn","Vaughn","2","0","True","ACTIVE","1975","1971","1971","169.99",,,,,"2|3|23|7|20|21"
"3139389","D'Angelo Ross","D'Angelo","Ross","12","5","True","ACTIVE","1178","1178","1178","169.99","15.65829866",,,,"12|14|15|20|21"
"3139387","D.J. Reed","D.J.","Reed","12","8","True","QUESTIONABLE","610","610","610","174.73","133.21001037",,,,"12|14|15|20|21"
"4585317","Kendell Brooks","Kendell","Brooks","13","10","True","ACTIVE","1301","1301","1301","170.0","6.48067401",,,,"13|14|15|20|21"
"4429676","Tyler Goodson","Tyler","Goodson","2","1","True","ACTIVE","1524","1520","1520","169.99",,,,,"2|3|23|7|20|21"
"3045144","Tyler Boyd","Tyler","Boyd","3","0","True","ACTIVE","1921","1918","1918","170.0",,,,,"3|4|5|23|7|20|21"
"4241263","Charlie Kolar","Charlie","Kolar","4","24","True","ACTIVE","1028","1028","1028","169.98","50.29077012",,,,"5|6|23|7|20|21"
"3045138","Mike Williams","Mike","Williams","3","24","True",,"1920","1917","1917","169.99",,,,,"3|4|5|23|7|20|21"
"4429684","Anthony Gould","Anthony","Gould","3","11","True","QUESTIONABLE","1348","1348","1348","169.99","138.08238179",,,,"3|4|5|23|7|20|21"
"4880236","Will Kacmarek","Will","Kacmarek","4","15","True","ACTIVE","1012","1012","1012","169.96","57.09530679",,,,"25|5|6|23|7|20|21"
"4274040","Troy Hairston","Troy","Hairston","2","0","True","ACTIVE","2183","2178","2178","169.99",,,,,"2|3|23|7|20|21"
"3139368","Marcus Epps","Marcus","Epps","13","21","True","ACTIVE","843","843","843","170.05","77.12585871",,,,"13|14|15|20|21"
"4036378","Jordan Love","Jordan","Love","1","9","True","ACTIVE","273","273","135","158.43","308.95933297","531.2924464","341.7899437","3990.579422","0|7|20|21"
"3921690","Josh Oliver","Josh","Oliver","4","16","True","ACTIVE","1020","1020","1020","169.94","54.00484782",,,,"5|6|23|7|20|21"
"4683643","Barryn Sorrell","Barryn","Sorrell","10","9","True","ACTIVE","982","982","982","169.96","41.54261135",,,,"9|11|15|20|21"
"3122976","Jeff Wilson Jr.","Jeff","Wilson Jr.","2","0","True","ACTIVE","1877","1877","1877","169.99",,,,,"2|3|23|7|20|21"
"3045147","James Conner","James","Conner","2","22","True","QUESTIONABLE","352","352","366","170.18","0.0",,,,"2|3|23|7|20|21"
"4683535","Tyler Onyedim","Tyler","Onyedim","9","7","True","ACTIVE","1102","1102","1102","169.99","21.29382024",,,,"25|8|11|15|20|21"
"4876057","Oluwafemi Oladejo","Oluwafemi","Oladejo","10","10","True","ACTIVE","1041","1041","1041","169.99","32.02477965",,,,"9|11|15|20|21"
"3057524","Siran Neal","Siran","Neal","12","25","True","ACTIVE","1329","1329","1329","169.97","4.59952001",,,,"12|14|15|20|21"
"14163","Tyrod Taylor","Tyrod","Taylor","1","9","True","ACTIVE","1238","1238","1238","169.96","10.94693193","19.96727855","12.73928013","135.9171491","0|7|20|21"
"4036476","William Bradley-King","William","Bradley-King","10","0","True","ACTIVE","2095","2090","2090","169.96",,,,,"9|11|15|20|21"
"3123052","Michael Badgley","Michael","Badgley","5","0","True","ACTIVE","1913","1912","1912","169.98",,,,,"17|20|21"
"4245273","Christian Elliss","Christian","Elliss","11","17","True","ACTIVE","626","626","626","171.24","108.72442716",,,,"10|15|20|21"
"3061612","Jamal Agnew","Jamal","Agnew","3","0","True","QUESTIONABLE","1752","1752","1752","169.99",,,,,"3|4|5|23|7|20|21"
"4683553","Austin Booker","Austin","Booker","10","3","True","ACTIVE","633","633","633","171.05","89.51892238",,,,"9|11|15|20|21"
"3045251","Anthony Walker Jr.","Anthony","Walker Jr.","11","0","True","ACTIVE","1697","1697","1697","170.0",,,,,"10|15|20|21"
"3123076","David Njoku","David","Njoku","4","24","True","ACTIVE","412","413","426","169.57","145.30006863",,,,"5|6|23|7|20|21"
"3123075","Braxton Berrios","Braxton","Berrios","3","19","True","QUESTIONABLE","1339","1339","1339","169.97","162.03363956",,,,"3|4|5|23|7|20|21"
"4384549","Cobie Durant","Cobie","Durant","12","6","True","ACTIVE","861","861","861","170.13","98.60814475",,,,"12|14|15|20|21"
"4577066","Keonta Jenkins","Keonta","Jenkins","11","2","True","ACTIVE","2564","2566","2566","170.0",,,,,"10|15|20|21"
"5084956","Ryan Eckley","Ryan","Eckley","7","33","True","ACTIVE","548","548","548","171.41","226.54454127",,,,"25|18|20|21"
"14185","Lawrence Guy","Lawrence","Guy","9","0","True","ACTIVE","1658","1658","1658","170.0",,,,,"8|11|15|20|21"
"4429607","Cor'Dale Flott","Cor'Dale","Flott","12","10","True","ACTIVE","802","802","802","170.13","119.03538243",,,,"12|14|15|20|21"
"2565969","Taylor Heinicke","Taylor","Heinicke","1","0","True","ACTIVE","1816","1816","1816","169.99",,,,,"0|7|20|21"
"3135321","Hunter Renfrow","Hunter","Renfrow","3","0","True","ACTIVE","1852","1852","1852","169.99",,,,,"3|4|5|23|7|20|21"
"4257580","Christian Braswell","Christian","Braswell","12","30","True","ACTIVE","1212","1212","1212","170.0","11.58048444",,,,"12|14|15|20|21"
"3045207","Jourdan Lewis","Jourdan","Lewis","12","30","True","ACTIVE","751","751","751","170.55","122.99348925",,,,"12|14|15|20|21"
"3917668","Alec Ingold","Alec","Ingold","2","24","True","ACTIVE","1161","1161","1161","169.98","18.74531601",,,,"2|3|23|7|20|21"
"3929956","Tim Settle","Tim","Settle","9","28","True","QUESTIONABLE","1062","1062","1062","170.0","27.38797495",,,,"8|11|15|20|21"
"3843945","Foster Moreau","Foster","Moreau","4","34","True","ACTIVE","1139","1139","1139","169.99","25.91159127",,,,"5|6|23|7|20|21"
"4429615","Zay Flowers","Zay","Flowers","3","33","True","ACTIVE","43","34","65","40.78","290.82557818",,,,"3|4|5|23|7|20|21"
"3929950","Tremaine Edmunds","Tremaine","Edmunds","11","19","True","ACTIVE","257","257","268","170.85","165.87842624",,,,"10|15|20|21"
"4036448","Jalen Virgil","Jalen","Virgil","3","0","True","QUESTIONABLE","2182","2177","2177","170.0",,,,,"3|4|5|23|7|20|21"
"4257591","Arnold Ebiketie","Arnold","Ebiketie","10","21","True","ACTIVE","1222","1222","1222","170.0","9.19176082",,,,"9|11|15|20|21"
"2971498","Adam Gotsis","Adam","Gotsis","10","0","True","ACTIVE","1678","1678","1678","170.0",,,,,"9|11|15|20|21"
"3917657","Zack Baun","Zack","Baun","11","21","True","ACTIVE","266","266","276","167.1","160.82356522",,,,"10|15|20|21"
"3045220","Maurice Hurst II","Maurice","Hurst II","9","28","True","ACTIVE","1690","1690","1690","170.0",,,,,"8|11|15|20|21"
"4421446","Craig Reynolds","Craig","Reynolds","2","28","True","ACTIVE","1400","1400","1400","169.99",,,,,"2|3|23|7|20|21"
"4036431","Darrynton Evans","Darrynton","Evans","2","0","True","ACTIVE","1977","1973","1973","169.99",,,,,"2|3|23|7|20|21"
"4241223","Jalen Pitre","Jalen","Pitre","12","34","True","ACTIVE","388","388","390","169.23","152.47741238",,,,"12|14|15|20|21"
"4036430","Shemar Jean-Charles","Shemar","Jean-Charles","12","26","True","INJURY_RESERVE","2080","2075","2075","170.0",,,,,"12|14|15|20|21"
"4048718","Tyler Hall","Tyler","Hall","12","5","True","ACTIVE","2041","2047","2047","170.0",,,,,"12|14|15|20|21"
"4249417","Jalen Tolbert","Jalen","Tolbert","3","15","True","ACTIVE","329","329","353","170.51","104.45348102",,,,"3|4|5|23|7|20|21"
"5076951","Jalon Kilgore","Jalon","Kilgore","13","2","True","ACTIVE","2611","2610","2610","169.98",,,,,"25|13|14|15|20|21"
"2975674","Robert Tonyan","Robert","Tonyan","4","23","True","ACTIVE","1364","1364","1364","169.98",,,,,"5|6|23|7|20|21"
"4880346","Michael Taaffe","Michael","Taaffe","13","15","True","ACTIVE","920","920","920","169.99","53.39947099",,,,"25|13|14|15|20|21"
"2971573","Ka'imi Fairbairn","Ka'imi","Fairbairn","5","34","True","ACTIVE","246","246","257","133.41","189.54914119",,,,"17|20|21"
"4573152","Marcus Harris","Marcus","Harris","9","12","True","ACTIVE","2385","2380","2380","169.98",,,,,"8|11|15|20|21"
"4241372","Hollywood Brown","Hollywood","Brown","3","21","True","ACTIVE","1040","1040","1040","169.94","40.10516073",,,,"3|4|5|23|7|20|21"
"4368350","Rico Payton","Rico","Payton","12","19","True","INJURY_RESERVE","1560","1559","1559","170.0",,,,,"12|14|15|20|21"
"4241373","Tre Brown","Tre","Brown","12","20","True","ACTIVE","2073","2068","2068","170.0",,,,,"12|14|15|20|21"
"4241374","Grant Calcaterra","Grant","Calcaterra","4","21","True","QUESTIONABLE","1451","1450","1450","169.98","0.0",,,,"5|6|23|7|20|21"
"2971586","Fabian Moreau","Fabian","Moreau","12","28","True","ACTIVE","1746","1746","1746","170.0",,,,,"12|14|15|20|21"
"4700136","Kiko Mauigoa","Kiko","Mauigoa","11","20","True","ACTIVE","1249","1249","1249","170.0","7.53155749",,,,"10|15|20|21"
"4429795","Jahmyr Gibbs","Jahmyr","Gibbs","2","8","True","ACTIVE","1","1","7","1.44","395.60126644",,,,"2|3|23|7|20|21"
"4040615","Malik Harrison","Malik","Harrison","11","23","True","ACTIVE","1989","1986","1986","170.0","0.0",,,,"10|15|20|21"
"4360174","Michael Woods II","Michael","Woods II","3","0","True","QUESTIONABLE","2138","2133","2133","170.0",,,,,"3|4|5|23|7|20|21"
"4429805","Frank Gore Jr.","Frank","Gore Jr.","2","2","True","ACTIVE","1564","1563","1563","169.97",,,,,"2|3|23|7|20|21"
"4241389","CeeDee Lamb","CeeDee","Lamb","3","6","True","ACTIVE","9","9","19","10.64","357.37049646",,,,"3|4|5|23|7|20|21"
"4372459","Christian Izien","Christian","Izien","13","8","True","ACTIVE","946","946","946","169.99","4.94730625",,,,"13|14|15|20|21"
"4040612","Luke Farrell","Luke","Farrell","4","25","True","ACTIVE","1220","1220","1220","169.98","13.11731941",,,,"5|6|23|7|20|21"
"4569068","Jose Ramirez","Jose","Ramirez","10","21","True","ACTIVE","2234","2229","2229","170.0","0.0",,,,"9|11|15|20|21"
"3139477","Patrick Mahomes","Patrick","Mahomes","1","12","True","QUESTIONABLE","114","114","58","106.98","344.06758606","550.6056346","358.2298299","4000.840626","0|7|20|21"
"4360175","Clayton Tune","Clayton","Tune","1","0","True","ACTIVE","2257","2252","2252","169.98",,,,,"0|7|20|21"
"4696044","Kaelon Black","Kaelon","Black","2","25","True","ACTIVE","307","307","316","170.46","63.13381946",,,,"25|2|3|23|7|20|21"
"4040613","Jordan Fuller","Jordan","Fuller","13","0","True","ACTIVE","2006","2002","2002","170.0",,,,,"13|14|15|20|21"
"4241394","Kenneth Murray Jr.","Kenneth","Murray Jr.","11","0","True","ACTIVE","1984","1981","1981","170.02",,,,,"10|15|20|21"
"4696043","Rejzohn Wright","Rejzohn","Wright","12","18","True","INJURY_RESERVE","2534","2532","2532","170.0","0.0",,,,"12|14|15|20|21"
"4040608","Jonathon Cooper","Jonathon","Cooper","10","7","True","ACTIVE","612","612","612","171.69","94.92946836",,,,"9|11|15|20|21"
"4036507","Joe Bachie","Joe","Bachie","11","8","True","ACTIVE","2039","2041","2041","170.0",,,,,"10|15|20|21"
"4241401","Trey Sermon","Trey","Sermon","2","1","True","INJURY_RESERVE","1420","1419","1419","169.99",,,,,"2|3|23|7|20|21"
"4040605","Nick Bosa","Nick","Bosa","10","25","True","QUESTIONABLE","169","169","179","144.78","156.87920601",,,,"9|11|15|20|21"
"4360189","Logan Hall","Logan","Hall","9","34","True","ACTIVE","988","988","988","169.98","39.06918427",,,,"8|11|15|20|21"
"4241404","Isaiah Thomas","Isaiah","Thomas","10","0","True","ACTIVE","2154","2149","2149","170.0",,,,,"9|11|15|20|21"
"4249596","Mike Greene","Mike","Greene","9","0","True","ACTIVE","2340","2316","2316","169.97",,,,,"8|11|15|20|21"
"4605951","CJ Daniels","CJ","Daniels","3","14","True","ACTIVE","1226","1226","1226","169.96","10.53456472",,,,"25|3|4|5|23|7|20|21"
"4241410","Jelani Woods","Jelani","Woods","4","20","True","ACTIVE","1447","1446","1446","170.0","0.0",,,,"5|6|23|7|20|21"
"5085189","Jack Endries","Jack","Endries","4","4","True","ACTIVE","1647","1638","1638","170.0",,,,,"25|5|6|23|7|20|21"
"4241411","Malcolm Rodriguez","Malcolm","Rodriguez","11","8","True","QUESTIONABLE","707","707","707","170.04","36.77318711",,,,"10|15|20|21"
"3045282","T.J. Watt","T.J.","Watt","10","23","True","ACTIVE","244","244","255","152.83","140.56833134",,,,"9|11|15|20|21"
"4429834","Cedric Gray","Cedric","Gray","11","10","True","ACTIVE","136","136","145","124.68","171.88291842",,,,"10|15|20|21"
"4573188","Nick Martin","Nick","Martin","11","25","True","QUESTIONABLE","2488","2486","2486","170.0",,,,,"10|15|20|21"
"4241416","Chuba Hubbard","Chuba","Hubbard","2","29","True","QUESTIONABLE","129","122","125","122.16","223.7350076",,,,"2|3|23|7|20|21"
"4249608","Isaac Ukwu","Isaac","Ukwu","10","0","True","ACTIVE","2449","2445","2445","170.0",,,,,"9|11|15|20|21"
"4605841","Nathan Carter","Nathan","Carter","2","1","True","ACTIVE","1602","1602","1602","169.99",,,,,"2|3|23|7|20|21"
"4360078","Alec Pierce","Alec","Pierce","3","11","True","OUT","76","77","112","101.58","227.67661376",,,,"3|4|5|23|7|20|21"
"5089178","Jamaree Caldwell","Jamaree","Caldwell","9","24","True","ACTIVE","842","842","842","170.16","62.7819511",,,,"8|11|15|20|21"
"3127287","Budda Baker","Budda","Baker","13","22","True","ACTIVE","278","278","287","156.56","141.66943752",,,,"13|14|15|20|21"
"4708238","George Gumbs Jr.","George","Gumbs Jr.","10","11","True","ACTIVE","1254","1254","1254","169.99","8.41963523",,,,"9|11|15|20|21"
"4880281","Jordyn Tyson","Jordyn","Tyson","3","18","True","DOUBTFUL","198","198","214","164.29","121.67595434",,,,"25|3|4|5|23|7|20|21"
"4360086","Josh Whyle","Josh","Whyle","4","9","True","ACTIVE","1252","1252","1252","169.98","11.30450622",,,,"5|6|23|7|20|21"
"4880273","Kyle Louis","Kyle","Louis","11","15","True","ACTIVE","1290","1290","1290","169.99","6.64850831",,,,"25|10|15|20|21"
"4372378","Anthony Goodlow","Anthony","Goodlow","10","23","True","ACTIVE","2550","2572","2572","170.0",,,,,"9|11|15|20|21"
"3127306","Dante Pettis","Dante","Pettis","3","2","True","ACTIVE","1388","1388","1388","169.99",,,,,"3|4|5|23|7|20|21"
"4057082","Mason Kinsey","Mason","Kinsey","3","10","True","ACTIVE","1361","1361","1361","169.98","1.00926118",,,,"3|4|5|23|7|20|21"
"4036597","Ty Shelby","Ty","Shelby","10","0","True","ACTIVE","2341","2347","2347","170.0",,,,,"9|11|15|20|21"
"3045377","DeMarcus Walker","DeMarcus","Walker","10","0","True","ACTIVE","1768","1768","1768","170.0",,,,,"9|11|15|20|21"
"4429731","Gabe Hall","Gabe","Hall","9","21","True","ACTIVE","2558","2573","2573","170.0",,,,,"8|11|15|20|21"
"3045373","Jalen Ramsey","Jalen","Ramsey","12","23","True","QUESTIONABLE","655","655","655","172.65","118.88757704",,,,"12|14|15|20|21"
"3127294","Greg Gaines","Greg","Gaines","9","2","True","ACTIVE","1831","1831","1831","170.0",,,,,"8|11|15|20|21"
"4921249","Colton Hood","Colton","Hood","12","19","True","QUESTIONABLE","956","956","956","170.01","47.57355068",,,,"25|12|14|15|20|21"
"3127292","Will Dissly","Will","Dissly","4","0","True","QUESTIONABLE","1903","1903","1903","169.99",,,,,"5|6|23|7|20|21"
"3930086","Dawson Knox","Dawson","Knox","4","2","True","ACTIVE","460","459","459","169.72","93.63016383",,,,"5|6|23|7|20|21"
"3917797","Joe Giles-Harris","Joe","Giles-Harris","11","4","True","ACTIVE","1958","1954","1954","169.99","0.0",,,,"10|15|20|21"
"2971603","Kevon Seymour","Kevon","Seymour","12","0","True","ACTIVE","1819","1819","1819","170.0",,,,,"12|14|15|20|21"
"4429743","Daequan Hardy","Daequan","Hardy","12","23","True","INJURY_RESERVE","2378","2373","2373","170.0",,,,,"12|14|15|20|21"
"4569016","Eric Watts","Eric","Watts","10","20","True","ACTIVE","2442","2438","2438","170.0","0.0",,,,"9|11|15|20|21"
"4032481","Jonah Williams","Jonah","Williams","9","22","True","ACTIVE","1177","1177","1177","170.0","13.55645735",,,,"8|11|15|20|21"
"4695991","Johnathan Edwards","Johnathan","Edwards","12","11","True","ACTIVE","1186","1186","1186","170.0","13.62828884",,,,"12|14|15|20|21"
"3917792","Daniel Jones","Daniel","Jones","1","11","True","ACTIVE","173","173","102","158.46","306.40194333","529.0774491","350.2669384","3750.640135","0|7|20|21"
"4372413","Miles Battle","Miles","Battle","12","15","True","ACTIVE","2470","2454","2454","170.0",,,,,"12|14|15|20|21"
"3127273","Frankie Luvu","Frankie","Luvu","11","28","True","ACTIVE","596","596","596","172.27","129.66133938",,,,"10|15|20|21"
"4372414","Elijah Moore","Elijah","Moore","3","21","True","ACTIVE","1421","1420","1420","169.99",,,,,"3|4|5|23|7|20|21"
"4032473","Rashid Shaheed","Rashid","Shaheed","3","26","True","ACTIVE","164","164","192","154.98","331.57799587",,,,"3|4|5|23|7|20|21"
"4372418","Keidron Smith","Keidron","Smith","13","1","True","ACTIVE","2465","2470","2470","170.01",,,,,"13|14|15|20|21"
"2971622","Leonard Williams","Leonard","Williams","9","26","True","ACTIVE","642","642","642","172.79","90.98951561",,,,"8|11|15|20|21"
"5150660","Anterio Thompson","Anterio","Thompson","9","1","True","OUT","2600","2616","2616","169.94",,,,,"25|8|11|15|20|21"
"4040655","Darnell Mooney","Darnell","Mooney","3","19","True","ACTIVE","392","392","405","170.47","76.7025082",,,,"3|4|5|23|7|20|21"
"2971618","Nelson Agholor","Nelson","Agholor","3","0","True","ACTIVE","1928","1925","1925","170.0",,,,,"3|4|5|23|7|20|21"
"4597703","Tory Horton","Tory","Horton","3","26","True","QUESTIONABLE","390","390","403","170.33","82.92056884",,,,"3|4|5|23|7|20|21"
"3930066","Van Jefferson","Van","Jefferson","3","28","True","ACTIVE","1406","1406","1406","169.97","0.0",,,,"3|4|5|23|7|20|21"
"4429767","Emmanuel Forbes Jr.","Emmanuel","Forbes Jr.","12","14","True","ACTIVE","1119","1119","1119","169.93","24.09275673",,,,"12|14|15|20|21"
"4692048","Que Robinson","Que","Robinson","10","7","True","ACTIVE","1169","1169","1169","170.0","15.0158655",,,,"9|11|15|20|21"
"4372561","Isaac Guerendo","Isaac","Guerendo","2","25","True","OUT","432","432","440","170.12","70.69706436",,,,"2|3|23|7|20|21"
"2971699","Adrian Colbert","Adrian","Colbert","13","0","True","ACTIVE","1745","1745","1745","170.0",,,,,"13|14|15|20|21"
"4040774","Harrison Bryant","Harrison","Bryant","4","0","True","QUESTIONABLE","1999","1995","1995","170.0",,,,,"5|6|23|7|20|21"
"4360277","Jalen Redmond","Jalen","Redmond","9","16","True","ACTIVE","570","570","570","170.26","100.25021406",,,,"8|11|15|20|21"
"5097554","Kameron Johnson","Kameron","Johnson","3","27","True","ACTIVE","1331","1331","1331","169.99","114.41071918",,,,"3|4|5|23|7|20|21"
"4368468","Titus Leo","Titus","Leo","10","25","True","QUESTIONABLE","2219","2214","2214","170.0",,,,,"9|11|15|20|21"
"4839501","Zion Young","Zion","Young","10","33","True","ACTIVE","892","892","892","170.05","57.60788619",,,,"9|11|15|20|21"
"4569173","Rhamondre Stevenson","Rhamondre","Stevenson","2","17","True","ACTIVE","70","70","113","84.53","221.8755521",,,,"2|3|23|7|20|21"
"4040761","Devin Singletary","Devin","Singletary","2","19","True","ACTIVE","1385","1385","1385","170.0","0.0",,,,"2|3|23|7|20|21"
"4036660","Darrell Baker Jr.","Darrell","Baker Jr.","12","15","True","OUT","954","954","954","170.0","46.03870303",,,,"12|14|15|20|21"
"4360289","DaShaun White","DaShaun","White","11","0","True","ACTIVE","2472","2450","2450","170.0",,,,,"10|15|20|21"
"4917354","Hezekiah Masses","Hezekiah","Masses","12","13","True","ACTIVE","1333","1333","1333","170.01","4.13601565",,,,"25|12|14|15|20|21"
"4360290","Brayden Willis","Brayden","Willis","4","25","True","ACTIVE","1503","1502","1502","170.0",,,,,"5|6|23|7|20|21"
"4360287","Delarrin Turner-Yell","Delarrin","Turner-Yell","13","0","True","QUESTIONABLE","2164","2159","2159","170.0",,,,,"13|14|15|20|21"
"4372576","Jack Sanborn","Jack","Sanborn","11","3","True","ACTIVE","767","767","767","169.98","18.36452406",,,,"10|15|20|21"
"4360294","Antonio Gibson","Antonio","Gibson","2","0","True","QUESTIONABLE","2022","1975","1975","169.97",,,,,"2|3|23|7|20|21"
"4360292","TJ Carter","TJ","Carter","13","0","True","ACTIVE","2207","2202","2202","170.0",,,,,"13|14|15|20|21"
"4876380","Jack Kelly","Jack","Kelly","11","19","True","ACTIVE","1320","1320","1320","170.01","3.28602617",,,,"25|10|15|20|21"
"4036651","Kindle Vildor","Kindle","Vildor","12","17","True","ACTIVE","2016","2012","2012","169.92","0.0",,,,"12|14|15|20|21"
"2979860","Dalvin Tomlinson","Dalvin","Tomlinson","9","24","True","ACTIVE","939","939","939","170.0","44.55369388",,,,"8|11|15|20|21"
"4360306","Justyn Ross","Justyn","Ross","3","0","True","ACTIVE","2178","2173","2173","170.0",,,,,"3|4|5|23|7|20|21"
"4360304","Xavier Thomas","Xavier","Thomas","10","25","True","INJURY_RESERVE","2391","2386","2386","170.0",,,,,"9|11|15|20|21"
"3139602","D'Ernest Johnson","D'Ernest","Johnson","2","10","True","ACTIVE","1397","1397","1397","169.99",,,,,"2|3|23|7|20|21"
"3917853","Mike Jackson","Mike","Jackson","12","29","True","ACTIVE","667","667","667","172.4","145.9565386",,,,"12|14|15|20|21"
"4360310","Trevor Lawrence","Trevor","Lawrence","1","30","True","ACTIVE","93","93","32","92.97","338.08093692","560.0209498","347.2458502","3932.528431","0|7|20|21"
"4360307","Derion Kendrick","Derion","Kendrick","12","6","True","ACTIVE","1137","1137","1137","170.0","22.23318804",,,,"12|14|15|20|21"
"3119119","Abdullah Anderson","Abdullah","Anderson","9","0","True","ACTIVE","1968","1964","1964","170.0",,,,,"8|11|15|20|21"
"4360308","KJ Henry","KJ","Henry","10","0","True","QUESTIONABLE","2260","2255","2255","170.0",,,,,"9|11|15|20|21"
"4429939","Jawhar Jordan","Jawhar","Jordan","2","34","True","QUESTIONABLE","404","404","417","170.16","6.89968173",,,,"2|3|23|7|20|21"
"3127310","Drew Sample","Drew","Sample","4","4","True","ACTIVE","1019","1019","1019","169.98","54.78420053",,,,"5|6|23|7|20|21"
"4429946","PJ Jules","PJ","Jules","13","4","True","ACTIVE","2555","2540","2540","170.01",,,,,"13|14|15|20|21"
"3917849","Lawrence Cager","Lawrence","Cager","4","28","True","ACTIVE","1417","1416","1416","170.0",,,,,"5|6|23|7|20|21"
"3123233","Oshane Ximines","Oshane","Ximines","10","0","True","ACTIVE","1829","1829","1829","170.0",,,,,"9|11|15|20|21"
"4573319","Danny Striggow","Danny","Striggow","10","30","True","ACTIVE","1138","1138","1138","170.0","17.49858654",,,,"9|11|15|20|21"
"4429955","Will Howard","Will","Howard","1","23","True","ACTIVE","1592","1592","1592","169.97","0.0",,,,"0|7|20|21"
"4708486","Jimmy Horn Jr.","Jimmy","Horn Jr.","3","29","True","ACTIVE","1120","1120","1120","169.96","23.85336005",,,,"3|4|5|23|7|20|21"
"4040715","Jalen Hurts","Jalen","Hurts","1","21","True","ACTIVE","62","62","15","51.37","367.31026589","499.091094","327.5490163","3778.708998","0|7|20|21"
"4573318","Dorian Mausi","Dorian","Mausi","11","10","True","ACTIVE","2574","2556","2556","169.96",,,,,"10|15|20|21"
"2975863","Eric Saubert","Eric","Saubert","4","26","True","ACTIVE","1260","1260","1260","169.99","11.03546755",,,,"5|6|23|7|20|21"
"4360203","Elijah Jones","Elijah","Jones","12","22","True","ACTIVE","2363","2358","2358","170.0",,,,,"12|14|15|20|21"
"4372492","Cory Trice Jr.","Cory","Trice Jr.","12","0","True","QUESTIONABLE","2230","2225","2225","170.01",,,,,"12|14|15|20|21"
"4429835","George Holani","George","Holani","2","26","True","ACTIVE","350","350","363","170.29","75.43586448",,,,"2|3|23|7|20|21"
"4712462","Keith Cooper Jr.","Keith","Cooper Jr.","9","15","True","ACTIVE","2551","2562","2562","169.97",,,,,"8|11|15|20|21"
"4241424","Tylan Wallace","Tylan","Wallace","3","5","True","ACTIVE","1430","1429","1429","169.99","0.0",,,,"3|4|5|23|7|20|21"
"4249616","Owen Wright","Owen","Wright","2","34","True","ACTIVE","1520","1521","1521","170.0",,,,,"2|3|23|7|20|21"
"3917960","Steven Sims","Steven","Sims","3","0","True","ACTIVE","1951","1947","1947","170.0",,,,,"3|4|5|23|7|20|21"
"4372499","Branson Deen","Branson","Deen","9","0","True","ACTIVE","2463","2462","2462","170.0",,,,,"8|11|15|20|21"
"4372505","Payne Durham","Payne","Durham","4","27","True","ACTIVE","1149","1149","1149","169.98","24.39895958",,,,"5|6|23|7|20|21"
"4249624","Nick Muse","Nick","Muse","4","1","True","ACTIVE","1457","1456","1456","170.0",,,,,"5|6|23|7|20|21"
"2578570","Jacoby Brissett","Jacoby","Brissett","1","22","True","ACTIVE","317","317","159","170.07","228.73892275","516.7553506","326.8332345","3354.509468","0|7|20|21"
"4372518","Bobby Brown III","Bobby","Brown III","9","29","True","ACTIVE","868","868","868","169.97","54.99777103",,,,"8|11|15|20|21"
"4569130","Ty Zentner","Ty","Zentner","7","0","True","ACTIVE","2346","2352","2352","169.97",,,,,"18|20|21"
"4683815","Trevin Wallace","Trevin","Wallace","11","29","True","ACTIVE","599","599","599","172.03","128.08965666",,,,"10|15|20|21"
"4360234","Evan McPherson","Evan","McPherson","5","4","True","ACTIVE","363","363","388","169.14","160.4482425",,,,"17|20|21"
"4683813","Jonas Sanker","Jonas","Sanker","13","18","True","ACTIVE","757","757","757","170.1","102.32491089",,,,"13|14|15|20|21"
"4360231","Lucas Krull","Lucas","Krull","4","7","True","ACTIVE","1476","1475","1475","169.99","0.0",,,,"5|6|23|7|20|21"
"4433959","Ben Yurosek","Ben","Yurosek","4","16","True","ACTIVE","1626","1609","1609","170.0",,,,,"5|6|23|7|20|21"
"3045465","Kendall Fuller","Kendall","Fuller","12","0","True","ACTIVE","1727","1727","1727","170.0",,,,,"12|14|15|20|21"
"4360238","Dameon Pierce","Dameon","Pierce","2","21","True","ACTIVE","1444","1443","1443","169.99",,,,,"2|3|23|7|20|21"
"4372526","Deneric Prince","Deneric","Prince","2","0","True","ACTIVE","2283","2278","2278","169.99",,,,,"2|3|23|7|20|21"
"3045463","Chuck Clark","Chuck","Clark","13","8","True","ACTIVE","918","918","918","169.97","57.19368669",,,,"13|14|15|20|21"
"4433970","J.J. McCarthy","J.J.","McCarthy","1","16","True","QUESTIONABLE","448","448","310","169.68","46.53809199","85.7398232","54.50331949","598.7723254","0|7|20|21"
"4241457","Najee Harris","Najee","Harris","2","19","True","ACTIVE","397","397","410","170.01","52.16574068",,,,"2|3|23|7|20|21"
"4360239","Amari Burney","Amari","Burney","11","30","True","ACTIVE","2258","2253","2253","170.0",,,,,"10|15|20|21"
"4040805","Roy Lopez","Roy","Lopez","9","22","True","ACTIVE","838","838","838","170.09","60.06003467",,,,"8|11|15|20|21"
"4372533","Tyree Wilson","Tyree","Wilson","10","18","True","ACTIVE","1013","1013","1013","170.0","35.42281062",,,,"9|11|15|20|21"
"4692025","Brian Branch","Brian","Branch","13","8","True","OUT","301","301","309","173.87","118.37509186",,,,"13|14|15|20|21"
"4692024","Malachi Moore","Malachi","Moore","13","20","True","ACTIVE","934","934","934","170.04","46.18619471",,,,"13|14|15|20|21"
"4433971","Kyle McCord","Kyle","McCord","1","9","True","ACTIVE","1588","1588","1588","169.99",,,,,"0|7|20|21"
"4241463","Jerry Jeudy","Jerry","Jeudy","3","5","True","ACTIVE","184","184","207","165.55","169.64580544",,,,"3|4|5|23|7|20|21"
"4692022","Javon Baker","Javon","Baker","3","0","True","ACTIVE","2371","2366","2366","169.99",,,,,"3|4|5|23|7|20|21"
"4241464","Mac Jones","Mac","Jones","1","25","True","ACTIVE","455","455","375","169.95","10.51099292","22.3623374","14.74659304","145.695118","0|7|20|21"
"4360248","Kyle Pitts Sr.","Kyle","Pitts Sr.","4","1","True","ACTIVE","78","78","93","64.93","267.51109659",,,,"5|6|23|7|20|21"
"4433975","Kool-Aid McKinstry","Kool-Aid","McKinstry","12","18","True","ACTIVE","613","613","613","173.87","142.45606559",,,,"12|14|15|20|21"
"4577333","Andre Carter II","Andre","Carter II","10","24","True","ACTIVE","2351","2317","2317","170.0",,,,,"9|11|15|20|21"
"3917909","Juan Thornhill","Juan","Thornhill","13","0","True","ACTIVE","1850","1850","1850","170.0",,,,,"13|14|15|20|21"
"4241468","Phidarian Mathis","Phidarian","Mathis","9","2","True","SUSPENSION","2175","2170","2170","170.0","0.0",,,,"8|11|15|20|21"
"4692033","Tim Smith","Tim","Smith","9","11","True","ACTIVE","2514","2512","2512","170.0",,,,,"8|11|15|20|21"
"4241470","Xavier McKinney","Xavier","McKinney","13","9","True","ACTIVE","380","380","385","171.83","149.89942442",,,,"13|14|15|20|21"
"3917914","Olamide Zaccheaus","Olamide","Zaccheaus","3","1","True","ACTIVE","1046","1046","1046","169.98","73.59585123",,,,"3|4|5|23|7|20|21"
"4573243","Chandler Brayboy","Chandler","Brayboy","3","30","True","ACTIVE","1599","1600","1600","170.0",,,,,"3|4|5|23|7|20|21"
"4241473","LaBryan Ray","LaBryan","Ray","9","29","True","ACTIVE","2330","2333","2333","169.96","0.0",,,,"8|11|15|20|21"
"4360255","Brian Asamoah II","Brian","Asamoah II","11","0","True","QUESTIONABLE","2133","2128","2128","170.0",,,,,"10|15|20|21"
"4241474","Brian Robinson Jr.","Brian","Robinson Jr.","2","1","True","ACTIVE","179","181","203","164.91","96.5545575",,,,"2|3|23|7|20|21"
"4241476","Tyrell Shavers","Tyrell","Shavers","3","2","True","OUT","1207","1207","1207","169.98","12.69937195",,,,"3|4|5|23|7|20|21"
"4360259","Nik Bonitto","Nik","Bonitto","10","7","True","ACTIVE","281","281","289","171.48","132.31696798",,,,"9|11|15|20|21"
"4683848","Donovan Ezeiruaku","Donovan","Ezeiruaku","10","6","True","ACTIVE","630","630","630","171.22","94.22516943",,,,"9|11|15|20|21"
"4241478","DeVonta Smith","DeVonta","Smith","3","21","True","ACTIVE","44","35","66","41.06","292.36554187",,,,"3|4|5|23|7|20|21"
"4429891","DJ James","DJ","James","12","19","True","INJURY_RESERVE","1536","1535","1535","170.0",,,,,"12|14|15|20|21"
"14471","Nick Bellore","Nick","Bellore","11","28","True","ACTIVE","1886","1886","1886","170.0",,,,,"10|15|20|21"
"4241479","Tua Tagovailoa","Tua","Tagovailoa","1","1","True","ACTIVE","422","422","232","170.02","135.72767136","301.7312752","204.1175643","2170.740822","0|7|20|21"
"4569156","Michael Wiley","Michael","Wiley","2","0","True","ACTIVE","2419","2414","2414","169.98",,,,,"2|3|23|7|20|21"
"2578533","Chris Conley","Chris","Conley","3","0","True",,"1926","1923","1923","170.0",,,,,"3|4|5|23|7|20|21"
"3119195","Chase Edmonds","Chase","Edmonds","2","0","True","ACTIVE","1904","1904","1904","169.99",,,,,"2|3|23|7|20|21"
"4241611","Nephi Sewell","Nephi","Sewell","11","3","True","QUESTIONABLE","2196","2192","2192","169.96",,,,,"10|15|20|21"
"4565200","Upton Stout","Upton","Stout","12","25","True","ACTIVE","769","769","769","170.45","103.12370229",,,,"12|14|15|20|21"
"2574511","Brandon Allen","Brandon","Allen","1","19","True","ACTIVE","1372","1372","1372","169.99",,,,,"0|7|20|21"
"4430027","Sam LaPorta","Sam","LaPorta","4","8","True","QUESTIONABLE","79","80","97","70.56","268.33531097",,,,"5|6|23|7|20|21"
"4430034","Xavier Legette","Xavier","Legette","3","29","True","QUESTIONABLE","326","326","349","170.62","113.66788444",,,,"3|4|5|23|7|20|21"
"4360405","Jake Bobo","Jake","Bobo","3","26","True","INJURY_RESERVE","1514","1513","1513","169.96",,,,,"3|4|5|23|7|20|21"
"4692185","Justin Rogers","Justin","Rogers","9","0","True","ACTIVE","2407","2402","2402","170.0",,,,,"8|11|15|20|21"
"4573398","Max Brosmer","Max","Brosmer","1","16","True","ACTIVE","1607","1613","1613","169.99",,,,,"0|7|20|21"
"4577494","Alijah Huzzie","Alijah","Huzzie","12","34","True","ACTIVE","2577","2555","2555","170.0",,,,,"12|14|15|20|21"
"4360413","Shaka Heyward","Shaka","Heyward","11","4","True","ACTIVE","770","770","770","170.03","17.56583159",,,,"10|15|20|21"
"4880613","Bam Martin-Scott","Bam","Martin-Scott","11","29","True","ACTIVE","2571","2533","2533","169.98",,,,,"10|15|20|21"
"5085407","Namdi Obiazor","Namdi","Obiazor","11","17","True","ACTIVE","2590","2590","2590","170.0",,,,,"25|10|15|20|21"
"4434153","Tyson Bagent","Tyson","Bagent","1","3","True","QUESTIONABLE","485","485","485","169.97","12.15283807","22.06592988","14.22384631","155.9218356","0|7|20|21"
"4360423","Michael Penix Jr.","Michael","Penix Jr.","1","1","True","QUESTIONABLE","440","440","307","170.06","132.54559416","265.2203344","168.3290216","1884.414929","0|7|20|21"
"4249836","Pierre Strong Jr.","Pierre","Strong Jr.","2","9","True","ACTIVE","1450","1449","1449","169.99",,,,,"2|3|23|7|20|21"
"5081335","Drew Stevens","Drew","Stevens","5","28","True","ACTIVE","494","494","494","169.9","144.47969635",,,,"25|17|20|21"
"3045527","Samson Ebukam","Samson","Ebukam","10","1","True","ACTIVE","850","850","850","170.0","62.92996125",,,,"9|11|15|20|21"
"5081338","Kaden Wetjen","Kaden","Wetjen","3","23","True","ACTIVE","1322","1322","1322","169.95","124.65596522",,,,"25|3|4|5|23|7|20|21"
"4372716","Nikko Remigio","Nikko","Remigio","3","12","True","ACTIVE","1347","1347","1347","169.99","88.19234771",,,,"3|4|5|23|7|20|21"
"4430065","Cedric Johnson","Cedric","Johnson","10","4","True","ACTIVE","1224","1224","1224","169.96","9.2352558",,,,"9|11|15|20|21"
"4569323","Thomas Harper","Thomas","Harper","13","8","True","ACTIVE","1074","1074","1074","169.98","27.33701746",,,,"13|14|15|20|21"
"3045523","Kendrick Bourne","Kendrick","Bourne","3","22","True","ACTIVE","978","978","978","170.01","61.19705396",,,,"3|4|5|23|7|20|21"
"3917992","Markus Bailey","Markus","Bailey","11","0","True","ACTIVE","2011","2007","2007","170.0",,,,,"10|15|20|21"
"4360438","Brandon Aiyuk","Brandon","Aiyuk","3","25","True","OUT","1403","1403","1403","169.94",,,,,"3|4|5|23|7|20|21"
"4331768","Jonathan Owens","Jonathan","Owens","13","11","True","ACTIVE","912","912","912","170.0","53.73561387",,,,"13|14|15|20|21"
"2971816","Nick Vigil","Nick","Vigil","11","0","True","ACTIVE","1703","1703","1703","170.0",,,,,"10|15|20|21"
"4249739","Jack Gibbens","Jack","Gibbens","11","22","True","ACTIVE","2185","2180","2180","170.0","0.0",,,,"10|15|20|21"
"2574576","C.J. Uzomah","C.J.","Uzomah","4","0","True","ACTIVE","1854","1854","1854","169.99",,,,,"5|6|23|7|20|21"
"4245645","Gary Brightwell","Gary","Brightwell","2","4","True","ACTIVE","1427","1426","1426","169.99",,,,,"2|3|23|7|20|21"
"3115255","Brandon Powell","Brandon","Powell","3","0","True","ACTIVE","1786","1786","1786","170.0",,,,,"3|4|5|23|7|20|21"
"4429970","Ruben Hyppolite II","Ruben","Hyppolite II","11","3","True","QUESTIONABLE","2489","2487","2487","170.0",,,,,"10|15|20|21"
"4040966","Trevon Diggs","Trevon","Diggs","12","26","True","ACTIVE","1998","1994","1994","170.03",,,,,"12|14|15|20|21"
"4040965","Raekwon Davis","Raekwon","Davis","9","0","True","ACTIVE","1982","1979","1979","170.0",,,,,"8|11|15|20|21"
"2980080","Deatrich Wise Jr.","Deatrich","Wise Jr.","9","28","True","OUT","1108","1108","1108","170.0","19.58716551",,,,"8|11|15|20|21"
"4241555","Elijah Mitchell","Elijah","Mitchell","2","0","True","QUESTIONABLE","2069","2064","2064","169.99",,,,,"2|3|23|7|20|21"
"3115249","Taven Bryan","Taven","Bryan","9","0","True","ACTIVE","1689","1689","1689","169.97",,,,,"8|11|15|20|21"
"2574582","Angelo Blackson","Angelo","Blackson","9","0","True","ACTIVE","1830","1830","1830","170.0",,,,,"8|11|15|20|21"
"4245655","Tony Fields II","Tony","Fields II","11","3","True","ACTIVE","2065","2060","2060","170.0",,,,,"10|15|20|21"
"4696211","Malik Mustapha","Malik","Mustapha","13","25","True","QUESTIONABLE","428","428","427","176.69","130.17010006",,,,"13|14|15|20|21"
"4245661","Lucas Havrisik","Lucas","Havrisik","5","0","True","ACTIVE","2344","2353","2353","169.98","0.0",,,,"17|20|21"
"2980100","Dante Fowler Jr.","Dante","Fowler Jr.","10","26","True","ACTIVE","935","935","935","170.01","50.09020818",,,,"9|11|15|20|21"
"2980097","Jonathan Bullard","Jonathan","Bullard","9","6","True","QUESTIONABLE","951","951","951","170.0","44.21609161",,,,"8|11|15|20|21"
"4249766","Jack Cochrane","Jack","Cochrane","11","12","True","ACTIVE","719","719","719","169.98","34.07822216",,,,"10|15|20|21"
"4602019","Caleb Banks","Caleb","Banks","9","16","True","ACTIVE","801","801","801","170.36","69.93518982",,,,"25|8|11|15|20|21"
"4212909","David Moore","David","Moore","3","29","True","ACTIVE","1387","1387","1387","169.97","0.0",,,,"3|4|5|23|7|20|21"
"4917427","Tanner Koziol","Tanner","Koziol","4","30","True","ACTIVE","1240","1240","1240","169.99","12.04414128",,,,"25|5|6|23|7|20|21"
"4241588","Elijah Cooks","Elijah","Cooks","3","29","True","ACTIVE","1513","1512","1512","169.99",,,,,"3|4|5|23|7|20|21"
"4360378","Quan Martin","Quan","Martin","13","28","True","ACTIVE","914","914","914","170.12","51.6874463",,,,"13|14|15|20|21"
"5085355","David Walker","David","Walker","10","27","True","ACTIVE","1130","1130","1130","169.96","18.7425308",,,,"9|11|15|20|21"
"3926229","Cody Barton","Cody","Barton","11","10","True","ACTIVE","614","614","614","171.65","126.841272",,,,"10|15|20|21"
"4077786","Sam Roberts","Sam","Roberts","9","0","True","QUESTIONABLE","2171","2166","2166","170.0","0.0",,,,"8|11|15|20|21"
"4241597","Daiyan Henley","Daiyan","Henley","11","24","True","ACTIVE","374","374","379","174.6","150.88106178",,,,"10|15|20|21"
"4565185","Tai Felton","Tai","Felton","3","16","True","ACTIVE","1245","1245","1245","169.96","43.04894159",,,,"3|4|5|23|7|20|21"
"4360386","Sydney Brown","Sydney","Brown","13","1","True","ACTIVE","1115","1115","1115","169.94","18.82169119",,,,"13|14|15|20|21"
"3053795","Michael Davis","Michael","Davis","12","0","True","QUESTIONABLE","1754","1754","1754","170.0",,,,,"12|14|15|20|21"
"4360383","Kerby Joseph","Kerby","Joseph","13","8","True","OUT","679","679","679","170.43","112.83086509",,,,"13|14|15|20|21"
"3926231","Britain Covey","Britain","Covey","3","21","True","QUESTIONABLE","1346","1346","1346","169.98","66.94200128",,,,"3|4|5|23|7|20|21"
"3049698","Anthony Firkser","Anthony","Firkser","4","0","True","QUESTIONABLE","1794","1794","1794","170.0",,,,,"5|6|23|7|20|21"
"4565190","Dallas Turner","Dallas","Turner","10","16","True","ACTIVE","211","211","218","166.92","147.52150564",,,,"9|11|15|20|21"
"4917439","Loren Strickland","Loren","Strickland","13","0","True","QUESTIONABLE","2553","2567","2567","169.98",,,,,"13|14|15|20|21"
"4430158","Patrick McMorris","Patrick","McMorris","13","25","True","ACTIVE","2393","2388","2388","170.0",,,,,"13|14|15|20|21"
"5081432","Antonio Williams","Antonio","Williams","3","28","True","ACTIVE","331","331","356","170.8","102.96183238",,,,"25|3|4|5|23|7|20|21"
"4364623","Patrick O'Connell","Patrick","O'Connell","11","26","True","ACTIVE","2528","2526","2526","170.0","0.0",,,,"10|15|20|21"
"4917592","Dallis Flowers","Dallis","Flowers","12","3","True","INJURY_RESERVE","2189","2184","2184","170.0",,,,,"12|14|15|20|21"
"4954445","Dillon Thieneman","Dillon","Thieneman","13","3","True","ACTIVE","604","604","604","172.75","127.83752652",,,,"25|13|14|15|20|21"
"3115312","Jarran Reed","Jarran","Reed","9","26","True","ACTIVE","917","917","917","169.99","47.79622191",,,,"8|11|15|20|21"
"4569428","Carl Jones","Carl","Jones","11","33","True","ACTIVE","2560","2542","2542","170.0",,,,,"10|15|20|21"
"4602197","Andrew Mukuba","Andrew","Mukuba","13","21","True","ACTIVE","745","745","745","170.31","102.87003283",,,,"13|14|15|20|21"
"4360538","Trevor Denbow","Trevor","Denbow","13","0","True","ACTIVE","2358","2336","2336","170.0",,,,,"13|14|15|20|21"
"3115308","Tony Brown II","Tony","Brown II","12","0","True","ACTIVE","1783","1783","1783","170.0",,,,,"12|14|15|20|21"
"3115337","Emmanuel Moseley","Emmanuel","Moseley","12","0","True","QUESTIONABLE","1960","1956","1956","170.0",,,,,"12|14|15|20|21"
"3115336","Derek Barnett","Derek","Barnett","10","5","True","ACTIVE","1674","1674","1674","170.0",,,,,"9|11|15|20|21"
"4430182","Jarius Monroe","Jarius","Monroe","13","20","True","ACTIVE","2439","2435","2435","170.0",,,,,"13|14|15|20|21"
"4569448","Jordan Jefferson","Jordan","Jefferson","9","4","True","ACTIVE","2402","2397","2397","170.0",,,,,"8|11|15|20|21"
"4565350","Jay Higgins IV","Jay","Higgins IV","11","33","True","QUESTIONABLE","2568","2546","2546","170.0",,,,,"10|15|20|21"
"5208436","Louis Rees-Zammit","Louis","Rees-Zammit","2","0","True","ACTIVE","2413","2408","2408","169.98",,,,,"2|3|23|7|20|21"
"4430191","Skyy Moore","Skyy","Moore","3","9","True","ACTIVE","1355","1355","1355","169.97","8.15941052",,,,"3|4|5|23|7|20|21"
"4569465","Jack Campbell","Jack","Campbell","11","8","True","ACTIVE","100","100","110","89.23","188.45129035",,,,"10|15|20|21"
"4360569","Jordan Mason","Jordan","Mason","2","16","True","ACTIVE","133","150","176","140.29","154.8686719",,,,"2|3|23|7|20|21"
"2980110","Marcus Maye","Marcus","Maye","13","0","True","ACTIVE","1732","1732","1732","170.0",,,,,"13|14|15|20|21"
"5151083","Will Lee III","Will","Lee III","12","29","True","ACTIVE","1335","1335","1335","169.97","4.0590151",,,,"25|12|14|15|20|21"
"3115306","Josh Reynolds","Josh","Reynolds","3","0","True","ACTIVE","1853","1853","1853","169.99",,,,,"3|4|5|23|7|20|21"
"4040983","Mack Wilson Sr.","Mack","Wilson Sr.","11","22","True","ACTIVE","294","294","302","174.49","168.67598387",,,,"10|15|20|21"
"4258173","Nico Collins","Nico","Collins","3","34","True","ACTIVE","25","25","31","27.02","303.63163071",,,,"3|4|5|23|7|20|21"
"4569474","Logan Lee","Logan","Lee","9","23","True","INJURY_RESERVE","2384","2379","2379","169.98",,,,,"8|11|15|20|21"
"4635008","Keon Coleman","Keon","Coleman","3","2","True","QUESTIONABLE","333","333","358","170.43","95.42985646",,,,"3|4|5|23|7|20|21"
"4917635","Joshua Williams","Joshua","Williams","12","10","True","QUESTIONABLE","1170","1170","1170","169.99","16.31316865",,,,"12|14|15|20|21"
"4040980","Irv Smith Jr.","Irv","Smith Jr.","4","0","True","QUESTIONABLE","1896","1896","1896","169.99",,,,,"5|6|23|7|20|21"
"4880777","Morice Norris","Morice","Norris","13","0","True","QUESTIONABLE","2473","2465","2465","169.97",,,,,"13|14|15|20|21"
"4040982","Quinnen Williams","Quinnen","Williams","9","6","True","ACTIVE","561","561","561","163.55","107.47316176",,,,"8|11|15|20|21"
"3057956","Zach Sieler","Zach","Sieler","9","15","True","QUESTIONABLE","663","663","663","174.28","88.17982453",,,,"8|11|15|20|21"
"5118340","D'Angelo Ponds","D'Angelo","Ponds","12","20","True","QUESTIONABLE","909","909","909","169.99","65.48313562",,,,"25|12|14|15|20|21"
"3127586","Jeremy McNichols","Jeremy","McNichols","2","28","True","QUESTIONABLE","1376","1376","1376","169.99",,,,,"2|3|23|7|20|21"
"4569480","Darius Robinson","Darius","Robinson","9","22","True","ACTIVE","913","913","913","170.0","46.8217439",,,,"8|11|15|20|21"
"2574630","Jeff Driskel","Jeff","Driskel","1","0","True","ACTIVE","1797","1797","1797","169.99",,,,,"0|7|20|21"
"3115293","Kyle Allen","Kyle","Allen","1","2","True","ACTIVE","1278","1278","1278","169.95","9.89879943","21.95226188","13.16533757","138.1099975","0|7|20|21"
"4950400","Arvell Reese","Arvell","Reese","11","19","True","ACTIVE","501","501","501","173.52","150.74264893",,,,"25|10|15|20|21"
"4241802","Jalen Reagor","Jalen","Reagor","3","15","True","ACTIVE","1334","1334","1334","169.99","3.9825763",,,,"3|4|5|23|7|20|21"
"3115383","Davon Godchaux","Davon","Godchaux","9","18","True","ACTIVE","874","874","874","170.11","52.96786301",,,,"8|11|15|20|21"
"3115378","Russell Gage Jr.","Russell","Gage Jr.","3","0","True","ACTIVE","1790","1790","1790","170.0",,,,,"3|4|5|23|7|20|21"
"4360469","Amari Gainer","Amari","Gainer","10","17","True","ACTIVE","2454","2468","2468","170.0",,,,,"9|11|15|20|21"
"4372758","Kevin Austin Jr.","Kevin","Austin Jr.","3","18","True","ACTIVE","1555","1555","1555","170.0","0.0",,,,"3|4|5|23|7|20|21"
"2976114","Alex Barrett","Alex","Barrett","10","0","True","ACTIVE","1882","1882","1882","170.0",,,,,"9|11|15|20|21"
"5081362","Dee Williams","Dee","Williams","12","0","True","ACTIVE","2425","2420","2420","170.0",,,,,"12|14|15|20|21"
"4045180","Blake Gillikin","Blake","Gillikin","7","22","True","QUESTIONABLE","525","525","525","171.53","270.08227129",,,,"18|20|21"
"3115373","Jamal Adams","Jamal","Adams","11","16","True","INJURY_RESERVE","1722","1722","1722","170.07","0.0",,,,"10|15|20|21"
"2980206","Pat O'Connor","Pat","O'Connor","10","0","True","ACTIVE","1815","1815","1815","170.0",,,,,"9|11|15|20|21"
"4430104","Sincere McCormick","Sincere","McCormick","2","25","True","ACTIVE","1551","1550","1550","169.98",,,,,"2|3|23|7|20|21"
"4360475","Chigozie Anusiem","Chigozie","Anusiem","12","13","True","INJURY_RESERVE","2458","2459","2459","170.0",,,,,"12|14|15|20|21"
"4880675","Rayuan Lane III","Rayuan","Lane III","13","30","True","ACTIVE","1294","1294","1294","170.0","7.5114768",,,,"13|14|15|20|21"
"4569372","Dalevon Campbell","Dalevon","Campbell","3","24","True","ACTIVE","1615","1628","1628","170.0",,,,,"3|4|5|23|7|20|21"
"4569371","Isaiah Williams","Isaiah","Williams","3","20","True","ACTIVE","986","986","986","169.98","195.61299397",,,,"3|4|5|23|7|20|21"
"3115394","DJ Chark","DJ","Chark","3","0","True","ACTIVE","1907","1906","1906","170.0",,,,,"3|4|5|23|7|20|21"
"4430118","Sanoussi Kane","Sanoussi","Kane","13","10","True","INJURY_RESERVE","2368","2363","2363","170.0",,,,,"13|14|15|20|21"
"4045163","Miles Sanders","Miles","Sanders","2","0","True","ACTIVE","1891","1891","1891","169.98",,,,,"2|3|23|7|20|21"
"4819231","Kaleb Johnson","Kaleb","Johnson","2","23","True","ACTIVE","405","405","418","170.08","4.84860725",,,,"2|3|23|7|20|21"
"4569382","Jordan Whittington","Jordan","Whittington","3","14","True","ACTIVE","1049","1049","1049","169.94","113.94848359",,,,"3|4|5|23|7|20|21"
"4360488","JuJu Brents","JuJu","Brents","12","15","True","QUESTIONABLE","857","857","857","170.1","85.44129736",,,,"12|14|15|20|21"
"4372780","Tommy Tremble","Tommy","Tremble","4","29","True","ACTIVE","472","472","472","169.94","61.29541812",,,,"5|6|23|7|20|21"
"3115349","Jakob Johnson","Jakob","Johnson","2","0","True","ACTIVE","1964","1960","1960","169.99",,,,,"2|3|23|7|20|21"
"5081397","Dylan Sampson","Dylan","Sampson","2","5","True","ACTIVE","220","220","280","170.95","192.43066273",,,,"2|3|23|7|20|21"
"5081392","Joshua Josephs","Joshua","Josephs","10","28","True","ACTIVE","1037","1037","1037","170.0","31.07260022",,,,"9|11|15|20|21"
"4036959","Cole Christiansen","Cole","Christiansen","11","12","True","ACTIVE","2036","2030","2030","170.0",,,,,"10|15|20|21"
"4360502","Kaevon Merriweather","Kaevon","Merriweather","13","34","True","ACTIVE","2352","2324","2324","170.0",,,,,"13|14|15|20|21"
"5081394","James Pearce Jr.","James","Pearce Jr.","10","1","True","SUSPENSION","585","585","585","171.73","57.78949641",,,,"9|11|15|20|21"
"4262197","Ta'Quon Graham","Ta'Quon","Graham","9","0","True","ACTIVE","2098","2093","2093","170.0",,,,,"8|11|15|20|21"
"4241720","Marcus Jones","Marcus","Jones","12","17","True","ACTIVE","688","688","688","171.42","167.74329532",,,,"12|14|15|20|21"
"4565311","Aeneas Peebles","Aeneas","Peebles","9","33","True","QUESTIONABLE","1195","1195","1195","169.95","10.82515744",,,,"8|11|15|20|21"
"10621","Nick Folk","Nick","Folk","5","1","True","ACTIVE","364","364","389","170.21","168.96756871",,,,"17|20|21"
"5220680","Ted Hurst III","Ted","Hurst III","3","27","True","ACTIVE","391","391","404","170.2","77.98507921",,,,"25|3|4|5|23|7|20|21"
"2976099","Damontae Kazee","Damontae","Kazee","13","0","True","ACTIVE","1781","1781","1781","170.0",,,,,"13|14|15|20|21"
"14723","Chris Jones","Chris","Jones","7","0","True","ACTIVE","1671","1671","1671","169.59",,,,,"18|20|21"
"4360516","Tyrone Tracy Jr.","Tyrone","Tracy Jr.","2","19","True","ACTIVE","222","222","286","169.23","72.4958164",,,,"2|3|23|7|20|21"
"4430153","Derrick McLendon","Derrick","McLendon","10","0","True","ACTIVE","2561","2569","2569","170.0",,,,,"9|11|15|20|21"
"5093694","Keionte Scott","Keionte","Scott","12","27","True","ACTIVE","1241","1241","1241","170.01","9.29229649",,,,"25|12|14|15|20|21"
"4569547","Nick Kallerup","Nick","Kallerup","4","26","True","ACTIVE","1618","1612","1612","170.0",,,,,"5|6|23|7|20|21"
"4569559","Devaughn Vele","Devaughn","Vele","3","18","True","ACTIVE","283","283","313","171.45","150.32751758",,,,"3|4|5|23|7|20|21"
"3049899","Younghoe Koo","Younghoe","Koo","5","0","True","ACTIVE","1922","1919","1919","169.7","0.0",,,,"17|20|21"
"3054026","Shaquill Griffin","Shaquill","Griffin","12","0","True","ACTIVE","1734","1734","1734","170.0",,,,,"12|14|15|20|21"
"4241884","Derrek Pitts","Derrek","Pitts","12","0","True","ACTIVE","2347","2349","2349","169.94",,,,,"12|14|15|20|21"
"4569563","John Bullock","John","Bullock","11","27","True","ACTIVE","2522","2520","2520","170.0","0.0",,,,"10|15|20|21"
"4360677","Mekhi Blackmon","Mekhi","Blackmon","12","11","True","ACTIVE","897","897","897","170.0","68.21863273",,,,"12|14|15|20|21"
"4880861","Parker Hughes","Parker","Hughes","11","30","True","INJURY_RESERVE","2598","2598","2598","169.96",,,,,"25|10|15|20|21"
"2976194","Sheldon Day","Sheldon","Day","9","0","True","ACTIVE","1767","1767","1767","170.0",,,,,"8|11|15|20|21"
"3115456","Marquis Haynes Sr.","Marquis","Haynes Sr.","10","0","True","ACTIVE","1695","1695","1695","170.0",,,,,"9|11|15|20|21"
"4569586","Ty Robinson","Ty","Robinson","9","21","True","ACTIVE","1326","1326","1326","169.98","3.8690684",,,,"8|11|15|20|21"
"4360689","Tyler Shough","Tyler","Shough","1","18","True","ACTIVE","167","167","78","155.55","307.05110617","545.1875858","354.9276599","3886.093885","0|7|20|21"
"3914151","Josiah Deguara","Josiah","Deguara","4","25","True","ACTIVE","1407","1407","1407","170.0",,,,,"5|6|23|7|20|21"
"4430330","Darien Porter","Darien","Porter","12","13","True","ACTIVE","907","907","907","169.99","60.97656442",,,,"12|14|15|20|21"
"4360698","Joe Milton III","Joe","Milton III","1","6","True","ACTIVE","1541","1540","1540","169.93","0.0",,,,"0|7|20|21"
"4569587","Wan'Dale Robinson","Wan'Dale","Robinson","3","10","True","ACTIVE","111","106","131","114.28","215.36254609",,,,"3|4|5|23|7|20|21"
"4700660","Sam Webb","Sam","Webb","12","19","True","ACTIVE","2190","2186","2186","170.0",,,,,"12|14|15|20|21"
"4573697","Mason Tipton","Mason","Tipton","3","18","True","OUT","1155","1155","1155","169.99","32.00987515",,,,"3|4|5|23|7|20|21"
"4241921","Markquese Bell","Markquese","Bell","13","6","True","ACTIVE","2192","2188","2188","169.99","0.0",,,,"13|14|15|20|21"
"4688380","Cam Ward","Cam","Ward","1","10","True","ACTIVE","315","315","157","169.04","253.14567079","557.7269241","355.1075363","3759.85745","0|7|20|21"
"4569607","Cameron Mitchell","Cameron","Mitchell","12","11","True","INJURY_RESERVE","2227","2222","2222","170.0",,,,,"12|14|15|20|21"
"4569609","Evan Hull","Evan","Hull","2","22","True","ACTIVE","1491","1490","1490","169.99",,,,,"2|3|23|7|20|21"
"4569604","Brandon Joseph","Brandon","Joseph","13","0","True","ACTIVE","2478","2482","2482","170.0",,,,,"13|14|15|20|21"
"4569603","Malik Washington","Malik","Washington","3","15","True","ACTIVE","305","305","347","170.27","344.7418713",,,,"3|4|5|23|7|20|21"
"4573699","Jackson Hawes","Jackson","Hawes","4","2","True","ACTIVE","1080","1080","1080","169.96","37.75821545",,,,"5|6|23|7|20|21"
"4700676","C.J. Ravenell","C.J.","Ravenell","9","0","True","QUESTIONABLE","2539","2538","2538","170.0","0.0",,,,"8|11|15|20|21"
"4360590","Juanyeh Thomas","Juanyeh","Thomas","13","11","True","ACTIVE","2302","2297","2297","170.0","0.0",,,,"13|14|15|20|21"
"2976249","Tyler Matakevich","Tyler","Matakevich","11","0","True","ACTIVE","1773","1773","1773","170.0",,,,,"10|15|20|21"
"4241807","Garret Wallow","Garret","Wallow","11","25","True","ACTIVE","1192","1192","1192","169.98","11.02634151",,,,"10|15|20|21"
"4258194","Kwity Paye","Kwity","Paye","10","13","True","ACTIVE","846","846","846","170.08","62.79484746",,,,"9|11|15|20|21"
"2972144","Michael Pierce","Michael","Pierce","9","33","True",,"1681","1681","1681","170.0",,,,,"8|11|15|20|21"
"4258197","Brad Robbins","Brad","Robbins","7","0","True","ACTIVE","2214","2209","2209","169.91",,,,,"18|20|21"
"3918331","Andrew Wingard","Andrew","Wingard","13","22","True","ACTIVE","887","887","887","170.17","74.49505652",,,,"13|14|15|20|21"
"4569497","Sam Okuayinonu","Sam","Okuayinonu","10","25","True","ACTIVE","904","904","904","170.0","52.78877409",,,,"9|11|15|20|21"
"4241820","Sam Ehlinger","Sam","Ehlinger","1","7","True","ACTIVE","1433","1432","1432","169.99",,,,,"0|7|20|21"
"5278092","T.J. Maguranyanga","T.J.","Maguranyanga","10","28","True","ACTIVE","2556","2571","2571","169.99",,,,,"9|11|15|20|21"
"4045305","Ian Thomas","Ian","Thomas","4","13","True","ACTIVE","1270","1270","1270","169.99","10.96020433",,,,"5|6|23|7|20|21"
"4258206","Benjamin St-Juste","Benjamin","St-Juste","12","9","True","ACTIVE","1099","1099","1099","169.98","26.36347942",,,,"12|14|15|20|21"
"3918330","Logan Wilson","Logan","Wilson","11","0","True","ACTIVE","1986","1983","1983","170.0",,,,,"10|15|20|21"
"5081508","Eli Heidenreich","Eli","Heidenreich","2","23","True","ACTIVE","1639","1644","1644","169.98",,,,,"25|2|3|23|7|20|21"
"4045299","Marcelino McCrary-Ball","Marcelino","McCrary-Ball","11","20","True","ACTIVE","805","805","805","170.01","11.79878307",,,,"10|15|20|21"
"4258209","Ambry Thomas","Ambry","Thomas","12","21","True","ACTIVE","2072","2067","2067","170.0",,,,,"12|14|15|20|21"
"3152371","Takk McKinley","Takk","McKinley","10","0","True","ACTIVE","1682","1682","1682","170.0",,,,,"9|11|15|20|21"
"4569511","Drake Jackson","Drake","Jackson","10","28","True","ACTIVE","2132","2127","2127","170.0","0.0",,,,"9|11|15|20|21"
"4676004","Cole Bishop","Cole","Bishop","13","2","True","ACTIVE","493","493","493","175.11","140.63050274",,,,"13|14|15|20|21"
"3918310","Carl Granderson","Carl","Granderson","10","18","True","ACTIVE","510","510","510","173.62","114.76893238",,,,"9|11|15|20|21"
"3115481","J.T. Gray","J.T.","Gray","13","21","True","ACTIVE","1141","1141","1141","170.0","16.98756521",,,,"13|14|15|20|21"
"3115480","Logan Cooke","Logan","Cooke","7","30","True","ACTIVE","532","532","532","178.7","247.29292127",,,,"18|20|21"
"4368812","DJ Coleman","DJ","Coleman","10","0","True","ACTIVE","2485","2478","2478","170.0",,,,,"9|11|15|20|21"
"2976212","Stefon Diggs","Stefon","Diggs","3","28","True","ACTIVE","155","154","182","127.25","200.49393164",,,,"3|4|5|23|7|20|21"
"4430262","Bud Clark","Bud","Clark","13","26","True","OUT","1031","1031","1031","169.95","31.50747106",,,,"25|13|14|15|20|21"
"4430261","Tyler Nubin","Tyler","Nubin","13","19","True","ACTIVE","893","893","893","170.1","65.67487791",,,,"13|14|15|20|21"
"2574808","Robbie Chosen","Robbie","Chosen","3","0","True","ACTIVE","1931","1928","1928","169.99",,,,,"3|4|5|23|7|20|21"
"4360637","Jeshaun Jones","Jeshaun","Jones","3","16","True","ACTIVE","1360","1360","1360","169.99","1.43647291",,,,"3|4|5|23|7|20|21"
"4360638","Durell Nchami","Durell","Nchami","10","11","True","ACTIVE","2578","2577","2577","169.98",,,,,"9|11|15|20|21"
"4258237","Raheem Layne","Raheem","Layne","13","19","True","ACTIVE","1482","1481","1481","170.0",,,,,"13|14|15|20|21"
"4360635","Chig Okonkwo","Chig","Okonkwo","4","28","True","ACTIVE","310","311","373","169.74","173.87511459",,,,"5|6|23|7|20|21"
"3918298","Josh Allen","Josh","Allen","1","2","True","ACTIVE","36","36","1","22.08","422.20253965","508.6697767","340.1107698","3946.421042","0|7|20|21"
"5208518","Charlie Smyth","Charlie","Smyth","5","18","True","ACTIVE","488","488","488","170.19","157.04969055",,,,"17|20|21"
"5081542","Landon Robinson","Landon","Robinson","9","4","True","ACTIVE","2616","2592","2592","170.0",,,,,"25|8|11|15|20|21"
"4430271","Ruke Orhorhoro","Ruke","Orhorhoro","9","30","True","ACTIVE","967","967","967","169.99","42.37134955",,,,"8|11|15|20|21"
"4258248","Peyton Hendershot","Peyton","Hendershot","4","0","True","ACTIVE","2181","2176","2176","170.0",,,,,"5|6|23|7|20|21"
"4430280","Ivan Pace Jr.","Ivan","Pace Jr.","11","16","True","ACTIVE","752","752","752","170.01","23.10751586",,,,"10|15|20|21"
"4569680","Jamon Johnson","Jamon","Johnson","11","33","True","QUESTIONABLE","2572","2559","2559","170.0",,,,,"10|15|20|21"
"4569682","Audric Estime","Audric","Estime","2","18","True","QUESTIONABLE","1527","1526","1526","169.99",,,,,"2|3|23|7|20|21"
"3914307","Maurice Alexander","Maurice","Alexander","3","3","True","ACTIVE","1481","1480","1480","170.0",,,,,"3|4|5|23|7|20|21"
"4430411","Jammie Robinson","Jammie","Robinson","13","1","True","ACTIVE","2232","2227","2227","170.0",,,,,"13|14|15|20|21"
"2574891","Roy Robertson-Harris","Roy","Robertson-Harris","9","19","True","INJURY_RESERVE","1693","1693","1693","169.96","0.0",,,,"8|11|15|20|21"
"4692555","Tyler Baron","Tyler","Baron","10","20","True","OUT","1577","1577","1577","170.0",,,,,"9|11|15|20|21"
"5093973","Levi Drake Rodriguez","Levi Drake","Rodriguez","9","16","True","ACTIVE","816","816","816","170.4","64.44212766",,,,"8|11|15|20|21"
"4426326","Kayvon Thibodeaux","Kayvon","Thibodeaux","10","19","True","ACTIVE","645","645","645","170.71","90.11340813",,,,"9|11|15|20|21"
"4360794","Henry Pearson","Henry","Pearson","4","0","True","ACTIVE","2333","2321","2321","169.99",,,,,"5|6|23|7|20|21"
"4360797","Tutu Atwell","Tutu","Atwell","3","15","True","ACTIVE","421","421","432","170.11","69.63364315",,,,"3|4|5|23|7|20|21"
"4426332","Zacch Pickens","Zacch","Pickens","9","19","True","ACTIVE","2255","2250","2250","169.98","0.0",,,,"8|11|15|20|21"
"4426331","Nolan Smith Jr.","Nolan","Smith Jr.","10","21","True","ACTIVE","681","681","681","170.72","82.33191042",,,,"9|11|15|20|21"
"4426338","Bo Nix","Bo","Nix","1","7","True","ACTIVE","97","97","36","86.9","349.25870586","564.4608629","363.9178682","3877.420618","0|7|20|21"
"14880","Kirk Cousins","Kirk","Cousins","1","13","True","ACTIVE","430","430","305","169.94","54.02825358","118.7483748","78.64778553","832.407443","0|7|20|21"
"14881","Russell Wilson","Russell","Wilson","1","0","True","ACTIVE","1945","1942","1942","169.95",,,,,"0|7|20|21"
"4360799","Jordan Travis","Jordan","Travis","1","0","True",,"2392","2387","2387","169.95",,,,,"0|7|20|21"
"4426335","Graham Mertz","Graham","Mertz","1","34","True","INJURY_RESERVE","1578","1578","1578","169.99",,,,,"0|7|20|21"
"4430431","Kurtis Rourke","Kurtis","Rourke","1","25","True","ACTIVE","1580","1580","1580","170.0",,,,,"0|7|20|21"
"4430438","Edgerrin Cooper","Edgerrin","Cooper","11","9","True","ACTIVE","508","508","508","173.61","145.90883462",,,,"10|15|20|21"
"4426340","Nakobe Dean","Nakobe","Dean","11","13","True","ACTIVE","143","144","153","146.24","180.18954127",,,,"10|15|20|21"
"4426339","Spencer Rattler","Spencer","Rattler","1","18","True","ACTIVE","1246","1246","1246","169.97","10.58608858","22.82452994","14.88649491","153.4572506","0|7|20|21"
"4594277","Jaylin Smith","Jaylin","Smith","12","34","True","ACTIVE","1114","1114","1114","170.0","21.34962868",,,,"12|14|15|20|21"
"4360807","Yasir Abdullah","Yasir","Abdullah","10","30","True","ACTIVE","2216","2211","2211","170.0",,,,,"9|11|15|20|21"
"4426344","Andrew Booth","Andrew","Booth","12","0","True","ACTIVE","2134","2129","2129","170.0",,,,,"12|14|15|20|21"
"4426350","Henry To'oTo'o","Henry","To'oTo'o","11","34","True","ACTIVE","587","587","587","172.74","131.91704017",,,,"10|15|20|21"
"4426349","Travon Walker","Travon","Walker","10","30","True","ACTIVE","463","463","463","174.74","111.17191328",,,,"9|11|15|20|21"
"4426348","Jayden Daniels","Jayden","Daniels","1","28","True","ACTIVE","56","56","3","50.89","363.07709207","519.3458721","346.788885","3850.720096","0|7|20|21"
"4426347","Mazi Smith","Mazi","Smith","9","20","True","ACTIVE","1289","1289","1289","170.0","5.96705526",,,,"8|11|15|20|21"
"4426354","George Pickens","George","Pickens","3","6","True","ACTIVE","29","32","63","30.63","289.44554308",,,,"3|4|5|23|7|20|21"
"4692590","Jalin Hyatt","Jalin","Hyatt","3","19","True","QUESTIONABLE","1487","1486","1486","169.99",,,,,"3|4|5|23|7|20|21"
"3910176","Kristian Wilkerson","Kristian","Wilkerson","3","0","True","ACTIVE","2044","2035","2035","170.0",,,,,"3|4|5|23|7|20|21"
"4426359","DeMarvin Leal","DeMarvin","Leal","10","0","True","ACTIVE","2160","2155","2155","170.0",,,,,"9|11|15|20|21"
"4426364","Baylor Cupp","Baylor","Cupp","4","22","True","ACTIVE","1567","1566","1566","169.99",,,,,"5|6|23|7|20|21"
"4872841","Julius Wood","Julius","Wood","13","6","True","QUESTIONABLE","2453","2449","2449","170.0",,,,,"13|14|15|20|21"
"4696700","Tip Reiman","Tip","Reiman","4","22","True","OUT","1266","1266","1266","169.99","11.07559471",,,,"5|6|23|7|20|21"
"4426374","Tyrique Stevenson","Tyrique","Stevenson","12","3","True","QUESTIONABLE","640","640","640","174.0","139.95956071",,,,"12|14|15|20|21"
"5081728","Jeremiah Pharms Jr.","Jeremiah","Pharms Jr.","9","17","True","ACTIVE","2350","2313","2313","170.0",,,,,"8|11|15|20|21"
"2980383","Mike Hilton","Mike","Hilton","12","0","True","QUESTIONABLE","1747","1747","1747","170.0",,,,,"12|14|15|20|21"
"4426372","Adisa Isaac","Adisa","Isaac","10","33","True","ACTIVE","2364","2359","2359","170.0","0.0",,,,"9|11|15|20|21"
"4012556","C.J. Ham","C.J.","Ham","2","16","True",,"1789","1789","1789","169.98",,,,,"2|3|23|7|20|21"
"4569618","Garrett Wilson","Garrett","Wilson","3","20","True","ACTIVE","34","27","48","36.45","306.14942634",,,,"3|4|5|23|7|20|21"
"4950551","Genesis Smith","Genesis","Smith","13","24","True","ACTIVE","1343","1343","1343","170.0","2.6398167",,,,"25|13|14|15|20|21"
"4569620","Ronnie Hickman","Ronnie","Hickman","13","5","True","ACTIVE","571","571","571","174.17","126.5076269",,,,"13|14|15|20|21"
"4602389","Jeffrey Bassa","Jeffrey","Bassa","11","12","True","ACTIVE","746","746","746","169.99","26.63822574",,,,"10|15|20|21"
"3050122","Larry Ogunjobi","Larry","Ogunjobi","9","0","True","ACTIVE","1677","1677","1677","169.96",,,,,"8|11|15|20|21"
"4037239","Boogie Basham","Boogie","Basham","10","0","True","ACTIVE","2097","2092","2092","170.0",,,,,"9|11|15|20|21"
"14942","Stephon Gilmore","Stephon","Gilmore","12","0","True","ACTIVE","1662","1662","1662","170.0",,,,,"12|14|15|20|21"
"4037235","Greg Dortch","Greg","Dortch","3","8","True","ACTIVE","1166","1166","1166","169.97","127.13370372",,,,"3|4|5|23|7|20|21"
"14945","Harrison Smith","Harrison","Smith","13","0","True","ACTIVE","1653","1653","1653","170.05",,,,,"13|14|15|20|21"
"3054212","Jonnu Smith","Jonnu","Smith","4","0","True","ACTIVE","1857","1857","1857","169.99",,,,,"5|6|23|7|20|21"
"4373030","Ben Sims","Ben","Sims","4","15","True","QUESTIONABLE","1173","1173","1173","169.99","21.27974835",,,,"5|6|23|7|20|21"
"4360739","Simi Fehoko","Simi","Fehoko","3","22","True","ACTIVE","1432","1431","1431","169.99",,,,,"3|4|5|23|7|20|21"
"4700712","Cam Grandy","Cam","Grandy","4","4","True","ACTIVE","1558","1558","1558","170.0",,,,,"5|6|23|7|20|21"
"14950","Bryan Anger","Bryan","Anger","7","6","True","ACTIVE","551","551","551","170.17","212.02635896",,,,"18|20|21"
"3693166","Josh Sweat","Josh","Sweat","10","22","True","ACTIVE","627","627","627","171.13","98.60597636",,,,"9|11|15|20|21"
"4360745","Kendall Williamson","Kendall","Williamson","13","24","True","ACTIVE","2278","2273","2273","170.0",,,,,"13|14|15|20|21"
"4360746","Ethan Bonner","Ethan","Bonner","12","15","True","ACTIVE","2309","2341","2341","170.0",,,,,"12|14|15|20|21"
"4241961","Connor Heyward","Connor","Heyward","2","13","True","ACTIVE","1217","1217","1217","169.98","10.88237808",,,,"2|3|23|7|20|21"
"3050073","Foyesade Oluokun","Foyesade","Oluokun","11","30","True","ACTIVE","142","142","151","132.58","187.84451939",,,,"10|15|20|21"
"4360749","Thomas Booker IV","Thomas","Booker IV","9","13","True","ACTIVE","854","854","854","169.97","56.70478712",,,,"8|11|15|20|21"
"4688432","Elijah Ponder","Elijah","Ponder","10","17","True","ACTIVE","864","864","864","169.97","63.06068449",,,,"9|11|15|20|21"
"14958","Demario Davis","Demario","Davis","11","20","True","ACTIVE","267","267","278","174.13","151.51529531",,,,"10|15|20|21"
"4430388","DeWayne McBride","DeWayne","McBride","2","0","True","ACTIVE","2264","2259","2259","169.93",,,,,"2|3|23|7|20|21"
"4037212","Luke Masterson","Luke","Masterson","11","0","True","ACTIVE","2186","2181","2181","170.0",,,,,"10|15|20|21"
"4360761","Michael Wilson","Michael","Wilson","3","22","True","ACTIVE","91","90","120","103.7","216.58758413",,,,"3|4|5|23|7|20|21"
"3910229","Rock Ya-Sin","Rock","Ya-Sin","12","8","True","ACTIVE","835","835","835","170.1","100.19209798",,,,"12|14|15|20|21"
"4360763","Brycen Tremayne","Brycen","Tremayne","3","29","True","ACTIVE","1279","1279","1279","169.99","11.36336705",,,,"3|4|5|23|7|20|21"
"3975763","Greg Joseph","Greg","Joseph","5","0","True","ACTIVE","1897","1897","1897","169.97",,,,,"17|20|21"
"4241983","Cody White","Cody","White","3","26","True","ACTIVE","1436","1435","1435","169.98",,,,,"3|4|5|23|7|20|21"
"4241984","Jeff Okudah","Jeff","Okudah","12","0","True","QUESTIONABLE","1995","1992","1992","169.98",,,,,"12|14|15|20|21"
"4241985","J.K. Dobbins","J.K.","Dobbins","2","7","True","ACTIVE","121","129","165","116.96","182.7176659",,,,"2|3|23|7|20|21"
"2980453","Jamaal Williams","Jamaal","Williams","2","0","True","ACTIVE","1923","1920","1920","169.98",,,,,"2|3|23|7|20|21"
"4241986","Chase Young","Chase","Young","10","18","True","ACTIVE","261","261","272","173.38","133.70523082",,,,"9|11|15|20|21"
"14979","Bobby Wagner","Bobby","Wagner","11","0","True","ACTIVE","1654","1654","1654","170.1",,,,,"10|15|20|21"
"4241987","Baron Browning","Baron","Browning","10","22","True","ACTIVE","860","860","860","169.99","65.42115695",,,,"9|11|15|20|21"
"4360773","Nick Hampton","Nick","Hampton","10","29","True","ACTIVE","2263","2258","2258","170.0",,,,,"9|11|15|20|21"
"4373061","Ekow Boye-Doe","Ekow","Boye-Doe","12","8","True","ACTIVE","2322","2302","2302","169.98",,,,,"12|14|15|20|21"
"14985","Lavonte David","Lavonte","David","11","27","True","ACTIVE","1655","1655","1655","170.09",,,,,"10|15|20|21"
"4241993","Pete Werner","Pete","Werner","11","18","True","QUESTIONABLE","659","659","659","170.23","73.88388443",,,,"10|15|20|21"
"4430539","Brenton Strange","Brenton","Strange","4","30","True","ACTIVE","210","263","330","167.89","202.47862996",,,,"5|6|23|7|20|21"
"4696782","Elijah Williams","Elijah","Williams","9","16","True","ACTIVE","2521","2519","2519","170.0","0.0",,,,"8|11|15|20|21"
"4831959","Eli Raridon","Eli","Raridon","4","17","True","ACTIVE","1025","1025","1025","169.94","51.82533897",,,,"25|5|6|23|7|20|21"
"14993","Greg Zuerlein","Greg","Zuerlein","5","0","True","QUESTIONABLE","1944","1941","1941","169.97",,,,,"17|20|21"
"2972342","Adam Butler","Adam","Butler","9","13","True","ACTIVE","699","699","699","171.93","76.08691849",,,,"8|11|15|20|21"
"4426448","Jarrian Jones","Jarrian","Jones","12","30","True","ACTIVE","926","926","926","169.99","61.60613726",,,,"12|14|15|20|21"
"5081807","Sonny Styles","Sonny","Styles","11","28","True","ACTIVE","290","290","298","171.23","159.70500616",,,,"25|10|15|20|21"
"4426457","Isaiah Foskey","Isaiah","Foskey","10","4","True","ACTIVE","2215","2210","2210","170.0",,,,,"9|11|15|20|21"
"4590292","Thomas Fidone II","Thomas","Fidone II","4","19","True","ACTIVE","1579","1579","1579","170.0",,,,,"5|6|23|7|20|21"
"4877034","Jaren Kanak","Jaren","Kanak","4","10","True","INJURY_RESERVE","1641","1634","1634","170.0",,,,,"25|5|6|23|7|20|21"
"4430560","Jer'Zhan Newton","Jer'Zhan","Newton","9","28","True","OUT","1121","1121","1121","170.0","18.56421323",,,,"8|11|15|20|21"
"4242149","Montaric Brown","Montaric","Brown","12","30","True","ACTIVE","815","815","815","170.13","109.86487038",,,,"12|14|15|20|21"
"4426473","Laiatu Latu","Laiatu","Latu","10","11","True","ACTIVE","507","507","507","173.86","115.47602897",,,,"9|11|15|20|21"
"4360935","Terell Smith","Terell","Smith","12","3","True","QUESTIONABLE","2265","2260","2260","169.96",,,,,"12|14|15|20|21"
"4242154","Kam Curl","Kam","Curl","13","14","True","ACTIVE","303","303","311","167.5","138.61689249",,,,"13|14|15|20|21"
"2980504","Haason Reddick","Haason","Reddick","10","0","True","ACTIVE","1706","1706","1706","169.99",,,,,"9|11|15|20|21"
"4360939","Rashod Bateman","Rashod","Bateman","3","33","True","ACTIVE","214","214","295","171.16","148.50165649",,,,"3|4|5|23|7|20|21"
"4426475","Tyrion Davis-Price","Tyrion","Davis-Price","2","0","True","ACTIVE","2127","2122","2122","169.99",,,,,"2|3|23|7|20|21"
"4684527","T.J. Sanders","T.J.","Sanders","9","2","True","ACTIVE","955","955","955","170.0","44.62532573",,,,"8|11|15|20|21"
"4831989","Deone Walker","Deone","Walker","9","2","True","ACTIVE","836","836","836","170.11","60.53216083",,,,"8|11|15|20|21"
"4360944","Benny Sapp III","Benny","Sapp III","13","0","True","ACTIVE","2357","2335","2335","170.0",,,,,"13|14|15|20|21"
"4426479","Cornelius Johnson","Cornelius","Johnson","3","33","True","ACTIVE","1531","1530","1530","169.99",,,,,"3|4|5|23|7|20|21"
"4360949","Jordan Howden","Jordan","Howden","13","18","True","ACTIVE","1072","1072","1072","169.95","23.57701524",,,,"13|14|15|20|21"
"3914397","Scotty Miller","Scotty","Miller","3","3","True","ACTIVE","1382","1382","1382","169.98",,,,,"3|4|5|23|7|20|21"
"4426485","Jonathan Mingo","Jonathan","Mingo","3","6","True","ACTIVE","1268","1268","1268","169.95","9.09335531",,,,"3|4|5|23|7|20|21"
"5143279","Anthony Kendall","Anthony","Kendall","12","2","True","ACTIVE","2314","2346","2346","170.0",,,,,"12|14|15|20|21"
"4250360","Bailey Zappe","Bailey","Zappe","1","20","True","ACTIVE","1456","1455","1455","169.98",,,,,"0|7|20|21"
"3676833","KaVontae Turpin","KaVontae","Turpin","3","6","True","ACTIVE","370","370","396","169.87","271.14583188",,,,"3|4|5|23|7|20|21"
"4684543","Julian Neal","Julian","Neal","12","26","True","QUESTIONABLE","1109","1109","1109","169.99","22.20358538",,,,"25|12|14|15|20|21"
"4426496","Cade Stover","Cade","Stover","4","34","True","ACTIVE","1036","1036","1036","169.97","48.9302835",,,,"5|6|23|7|20|21"
"4426502","Drake London","Drake","London","3","1","True","ACTIVE","14","14","27","18.52","329.31818932",,,,"3|4|5|23|7|20|21"
"4426506","Joey Porter Jr.","Joey","Porter Jr.","12","23","True","OUT","760","760","760","170.63","124.81364514",,,,"12|14|15|20|21"
"4360967","Brevyn Spann-Ford","Brevyn","Spann-Ford","4","6","True","ACTIVE","1234","1234","1234","169.96","12.27163263",,,,"5|6|23|7|20|21"
"4422407","Jonathan Harris","Jonathan","Harris","9","16","True","ACTIVE","1956","1952","1952","170.0",,,,,"8|11|15|20|21"
"4430478","Elijah Simmons","Elijah","Simmons","9","27","True","ACTIVE","2546","2545","2545","170.06","0.0",,,,"8|11|15|20|21"
"4594321","Kaleb Elarms-Orr","Kaleb","Elarms-Orr","11","2","True","ACTIVE","794","794","794","170.01","13.30808518",,,,"25|10|15|20|21"
"4610705","Nohl Williams","Nohl","Williams","12","12","True","ACTIVE","952","952","952","169.94","50.11155819",,,,"12|14|15|20|21"
"4401805","Dareke Young","Dareke","Young","3","13","True","ACTIVE","1356","1356","1356","169.99","53.44381029",,,,"3|4|5|23|7|20|21"
"4684432","Ashton Gillotte","Ashton","Gillotte","10","12","True","QUESTIONABLE","812","812","812","170.12","65.9729233",,,,"9|11|15|20|21"
"2525933","Troy Hill","Troy","Hill","12","0","True","ACTIVE","1785","1785","1785","170.0",,,,,"12|14|15|20|21"
"4061956","Ashton Dulin","Ashton","Dulin","3","11","True","ACTIVE","1058","1058","1058","170.0","92.33514757",,,,"3|4|5|23|7|20|21"
"4426386","Roschon Johnson","Roschon","Johnson","2","3","True","ACTIVE","1483","1482","1482","169.97",,,,,"2|3|23|7|20|21"
"2976499","Amari Cooper","Amari","Cooper","3","13","True",,"1927","1924","1924","169.98",,,,,"3|4|5|23|7|20|21"
"4426385","Zach Charbonnet","Zach","Charbonnet","2","26","True","OUT","153","175","196","156.64","142.06189976",,,,"2|3|23|7|20|21"
"4360853","Talanoa Hufanga","Talanoa","Hufanga","13","7","True","ACTIVE","263","262","273","159.36","162.74005236",,,,"13|14|15|20|21"
"4426388","Jameson Williams","Jameson","Williams","3","8","True","ACTIVE","49","52","86","67.48","252.50525428",,,,"3|4|5|23|7|20|21"
"4401811","Kyle Dugger","Kyle","Dugger","13","4","True","ACTIVE","1082","1082","1082","169.98","24.28375541",,,,"13|14|15|20|21"
"4360855","Kana'i Mauga","Kana'i","Mauga","11","0","True","ACTIVE","2337","2312","2312","170.0",,,,,"10|15|20|21"
"4594338","Brandon Johnson","Brandon","Johnson","13","0","True","QUESTIONABLE","2530","2528","2528","170.0","0.0",,,,"13|14|15|20|21"
"4696736","Tanner Brown","Tanner","Brown","5","18","True","ACTIVE","2282","2277","2277","169.95","0.0",,,,"17|20|21"
"2468609","Taysom Hill","Taysom","Hill","4","0","True","ACTIVE","1856","1856","1856","169.97",,,,,"5|6|23|7|20|21"
"4360864","Antonio Grier Jr.","Antonio","Grier Jr.","11","0","True","ACTIVE","2436","2432","2432","170.0",,,,,"10|15|20|21"
"4401823","Dee Alford","Dee","Alford","12","2","True","ACTIVE","817","817","817","170.24","110.9053708",,,,"12|14|15|20|21"
"4426399","Ramel Keyton","Ramel","Keyton","3","0","True","ACTIVE","2422","2417","2417","169.99",,,,,"3|4|5|23|7|20|21"
"4426405","Trent McDuffie","Trent","McDuffie","12","14","True","ACTIVE","401","401","402","164.91","148.57137123",,,,"12|14|15|20|21"
"4688552","Keleki Latu","Keleki","Latu","4","2","True","ACTIVE","1613","1611","1611","170.0",,,,,"5|6|23|7|20|21"
"4037361","Charvarius Ward","Charvarius","Ward","12","11","True","QUESTIONABLE","821","821","821","170.16","110.82622114",,,,"12|14|15|20|21"
"4426403","Nick Cross","Nick","Cross","13","28","True","ACTIVE","341","341","346","171.93","137.18431395",,,,"13|14|15|20|21"
"3123963","Cornell Armstrong","Cornell","Armstrong","12","0","True","QUESTIONABLE","1811","1811","1811","170.0",,,,,"12|14|15|20|21"
"4426407","Trey Palmer","Trey","Palmer","3","18","True","ACTIVE","1502","1501","1501","169.99","0.0",,,,"3|4|5|23|7|20|21"
"3050199","George Odum","George","Odum","13","34","True","ACTIVE","1782","1782","1782","170.0",,,,,"13|14|15|20|21"
"4426412","Zach Harrison","Zach","Harrison","9","1","True","ACTIVE","615","615","615","176.59","90.27381007",,,,"8|11|15|20|21"
"5081785","Jackie Marshall","Jackie","Marshall","9","10","True","ACTIVE","1151","1151","1151","170.0","15.75396079",,,,"25|8|11|15|20|21"
"4426422","Dax Hill","Dax","Hill","12","4","True","QUESTIONABLE","631","631","631","174.59","128.12497983",,,,"12|14|15|20|21"
"4258485","Jon Rhattigan","Jon","Rhattigan","11","3","True","ACTIVE","2298","2293","2293","170.0",,,,,"10|15|20|21"
"4426426","Joseph Ngata","Joseph","Ngata","3","0","True","ACTIVE","2285","2280","2280","169.99",,,,,"3|4|5|23|7|20|21"
"4426434","Derek Stingley Jr.","Derek","Stingley Jr.","12","34","True","ACTIVE","829","829","829","169.89","114.50100043",,,,"12|14|15|20|21"
"4037333","Alex Highsmith","Alex","Highsmith","10","23","True","ACTIVE","209","209","216","167.53","148.32688703",,,,"9|11|15|20|21"
"3123938","Avonte Maddox","Avonte","Maddox","13","8","True","ACTIVE","1194","1194","1194","169.98","13.11220292",,,,"13|14|15|20|21"
"5085888","Easton Mascarenas-Arnold","Easton","Mascarenas-Arnold","11","5","True","ACTIVE","2523","2521","2521","169.97","0.0",,,,"10|15|20|21"
"4606666","Karon Prunty","Karon","Prunty","12","17","True","ACTIVE","1242","1242","1242","170.0","9.30461838",,,,"25|12|14|15|20|21"
"4033234","Michael Hoecht","Michael","Hoecht","10","2","True","QUESTIONABLE","1026","1026","1026","169.97","31.93330964",,,,"9|11|15|20|21"
"4692680","McKinnley Jackson","McKinnley","Jackson","9","4","True","QUESTIONABLE","2365","2360","2360","169.97","0.0",,,,"8|11|15|20|21"
"4426435","Jaden Davis","Jaden","Davis","12","0","True","QUESTIONABLE","2386","2381","2381","170.0",,,,,"12|14|15|20|21"
"4426440","Siaki Ika","Siaki","Ika","9","0","True","ACTIVE","2256","2251","2251","170.0",,,,,"8|11|15|20|21"
"4905664","A.J. Haulcy","A.J.","Haulcy","13","11","True","ACTIVE","833","833","833","170.23","89.45684637",,,,"25|13|14|15|20|21"
"4602699","Kamari Lassiter","Kamari","Lassiter","12","34","True","ACTIVE","234","234","245","151.13","181.81426173",,,,"12|14|15|20|21"
"2976560","Danielle Hunter","Danielle","Hunter","10","34","True","ACTIVE","185","185","193","155.7","147.31018779",,,,"9|11|15|20|21"
"4066109","Eyioma Uwazurike","Eyioma","Uwazurike","9","7","True","ACTIVE","908","908","908","170.03","48.35040447",,,,"8|11|15|20|21"
"4361050","Isaiah Likely","Isaiah","Likely","4","19","True","ACTIVE","145","145","171","127.78","221.15573879",,,,"5|6|23|7|20|21"
"4430681","Jared Wayne","Jared","Wayne","3","34","True","ACTIVE","1566","1565","1565","170.0",,,,,"3|4|5|23|7|20|21"
"4430684","Treyton Welch","Treyton","Welch","4","18","True","ACTIVE","1628","1610","1610","170.0",,,,,"5|6|23|7|20|21"
"2575164","Miles Killebrew","Miles","Killebrew","13","27","True","ACTIVE","1801","1801","1801","169.99",,,,,"13|14|15|20|21"
"4586333","Mekhi Wingo","Mekhi","Wingo","9","8","True","QUESTIONABLE","1034","1034","1034","169.98","29.40184978",,,,"8|11|15|20|21"
"4746079","Zach Davidson","Zach","Davidson","4","0","True","ACTIVE","2092","2087","2087","170.0",,,,,"5|6|23|7|20|21"
"4565859","Joe Royer","Joe","Royer","4","5","True","QUESTIONABLE","1162","1162","1162","169.98","22.61597123",,,,"25|5|6|23|7|20|21"
"3918639","Gerald Everett","Gerald","Everett","4","0","True","ACTIVE","1889","1889","1889","170.0",,,,,"5|6|23|7|20|21"
"4426599","Alex Austin","Alex","Austin","12","15","True","ACTIVE","2231","2226","2226","170.0","0.0",,,,"12|14|15|20|21"
"4692835","Jalen Brooks","Jalen","Brooks","3","22","True","ACTIVE","1358","1358","1358","169.99","5.07881318",,,,"3|4|5|23|7|20|21"
"5159802","Dallen Bentley","Dallen","Bentley","4","7","True","ACTIVE","1645","1648","1648","170.0",,,,,"25|5|6|23|7|20|21"
"4873075","TJ Hall Jr.","TJ","Hall Jr.","12","18","True","ACTIVE","2586","2591","2591","169.99",,,,,"25|12|14|15|20|21"
"15153","Johnny Hekker","Johnny","Hekker","7","16","True","ACTIVE","536","536","536","173.73","243.72830797",,,,"18|20|21"
"4242292","Earnest Brown IV","Earnest","Brown IV","9","10","True","ACTIVE","2083","2078","2078","170.0",,,,,"8|11|15|20|21"
"4381558","Jordan Davis","Jordan","Davis","9","21","True","ACTIVE","660","660","660","173.16","79.10829338",,,,"8|11|15|20|21"
"15168","Case Keenum","Case","Keenum","1","3","True","ACTIVE","1393","1393","1393","169.99",,,,,"0|7|20|21"
"3124005","Zaire Franklin","Zaire","Franklin","11","9","True","ACTIVE","572","572","572","172.48","140.82147281",,,,"10|15|20|21"
"4361088","Colson Yankoff","Colson","Yankoff","4","28","True","ACTIVE","1546","1545","1545","169.98",,,,,"5|6|23|7|20|21"
"4361093","Kyler Gordon","Kyler","Gordon","12","3","True","OUT","673","673","673","172.15","90.18819922",,,,"12|14|15|20|21"
"4361094","Dominique Hampton","Dominique","Hampton","11","10","True","ACTIVE","2414","2409","2409","170.0",,,,,"10|15|20|21"
"2976545","Deion Jones","Deion","Jones","11","18","True","ACTIVE","1700","1700","1700","170.0",,,,,"10|15|20|21"
"4430723","Jared Wiley","Jared","Wiley","4","12","True","ACTIVE","1528","1527","1527","169.99",,,,,"5|6|23|7|20|21"
"2976540","Jalen Mills","Jalen","Mills","13","0","True","ACTIVE","1725","1725","1725","170.0",,,,,"13|14|15|20|21"
"4569987","Jaylen Warren","Jaylen","Warren","2","23","True","ACTIVE","119","117","114","98.75","225.44903344",,,,"2|3|23|7|20|21"
"2976541","Kwon Alexander","Kwon","Alexander","11","0","True","ACTIVE","1834","1834","1834","170.0",,,,,"10|15|20|21"
"5065495","Kaden Davis","Kaden","Davis","3","3","True","ACTIVE","1554","1554","1554","170.0",,,,,"3|4|5|23|7|20|21"
"4426507","David Ojabo","David","Ojabo","10","15","True","ACTIVE","1131","1131","1131","169.99","17.41242306",,,,"9|11|15|20|21"
"3124086","Greg Stroman Jr.","Greg","Stroman Jr.","12","0","True","ACTIVE","1804","1804","1804","170.0",,,,,"12|14|15|20|21"
"4360978","David Martin-Robinson","David","Martin-Robinson","4","10","True","ACTIVE","1550","1549","1549","170.0",,,,,"5|6|23|7|20|21"
"4373266","Antoine Green","Antoine","Green","3","0","True","ACTIVE","2249","2244","2244","170.0",,,,,"3|4|5|23|7|20|21"
"4426513","Trikweze Bridges","Trikweze","Bridges","12","6","True","ACTIVE","2502","2500","2500","170.0",,,,,"12|14|15|20|21"
"3124084","Joey Slye","Joey","Slye","5","10","True","ACTIVE","500","500","500","169.86","137.45212569",,,,"17|20|21"
"4045701","Timmy Horne","Timmy","Horne","9","10","True","ACTIVE","2191","2187","2187","170.0",,,,,"8|11|15|20|21"
"4426515","Puka Nacua","Puka","Nacua","3","14","True","QUESTIONABLE","4","4","10","5.19","430.9886022",,,,"3|4|5|23|7|20|21"
"4602648","Kevin Knowles","Kevin","Knowles","12","12","True","ACTIVE","2532","2530","2530","170.0","0.0",,,,"12|14|15|20|21"
"4373273","British Brooks","British","Brooks","2","34","True","QUESTIONABLE","1341","1341","1341","169.98","2.37676523",,,,"2|3|23|7|20|21"
"4250392","Zyon McCollum","Zyon","McCollum","12","27","True","ACTIVE","628","628","628","174.57","122.24547168",,,,"12|14|15|20|21"
"4250393","Tristin McCollum","Tristin","McCollum","13","13","True","ACTIVE","2356","2332","2332","170.0","0.0",,,,"13|14|15|20|21"
"3115914","Jihad Ward","Jihad","Ward","10","0","True","ACTIVE","1696","1696","1696","170.0",,,,,"9|11|15|20|21"
"4832035","Davison Igbinosun","Davison","Igbinosun","12","2","True","ACTIVE","1060","1060","1060","169.99","29.06726084",,,,"25|12|14|15|20|21"
"4242205","K'Lavon Chaisson","K'Lavon","Chaisson","10","28","True","QUESTIONABLE","723","723","723","170.26","80.36231605",,,,"9|11|15|20|21"
"4242206","Jacob Phillips","Jacob","Phillips","11","0","True","QUESTIONABLE","1988","1985","1985","170.0",,,,,"10|15|20|21"
"4242207","Patrick Queen","Patrick","Queen","11","23","True","ACTIVE","560","560","560","173.28","144.41744045",,,,"10|15|20|21"
"4242208","Grant Delpit","Grant","Delpit","13","5","True","ACTIVE","616","616","616","171.85","119.42120557",,,,"13|14|15|20|21"
"4258594","Kurt Hinish","Kurt","Hinish","9","0","True","QUESTIONABLE","2200","2196","2196","170.0",,,,,"8|11|15|20|21"
"4258595","Cole Kmet","Cole","Kmet","4","3","True","ACTIVE","466","466","466","169.7","74.96323404",,,,"5|6|23|7|20|21"
"4242214","Clyde Edwards-Helaire","Clyde","Edwards-Helaire","2","0","True","ACTIVE","1973","1969","1969","169.98",,,,,"2|3|23|7|20|21"
"4258599","Jeremiah Owusu-Koramoah","Jeremiah","Owusu-Koramoah","11","5","True","OUT","2058","2053","2053","170.0",,,,,"10|15|20|21"
"3124092","John Wolford","John","Wolford","1","0","True","ACTIVE","2025","2020","2020","169.99",,,,,"0|7|20|21"
"4426536","Lewis Cine","Lewis","Cine","13","0","True","ACTIVE","2122","2117","2117","170.0",,,,,"13|14|15|20|21"
"4426535","Theo Wease Jr.","Theo","Wease Jr.","3","15","True","ACTIVE","1598","1598","1598","169.99","0.0",,,,"3|4|5|23|7|20|21"
"4578085","Jared Verse","Jared","Verse","10","5","True","ACTIVE","285","285","293","171.34","122.37772943",,,,"9|11|15|20|21"
"3124058","Marcus Davenport","Marcus","Davenport","10","3","True","ACTIVE","1168","1168","1168","170.0","14.21959967",,,,"9|11|15|20|21"
"4426542","Darius Alexander","Darius","Alexander","9","19","True","ACTIVE","911","911","911","169.96","50.0226012",,,,"8|11|15|20|21"
"4696882","Devontez Walker","Devontez","Walker","3","33","True","ACTIVE","1000","1000","1000","169.97","52.4707152",,,,"3|4|5|23|7|20|21"
"4430637","Ja'Lynn Polk","Ja'Lynn","Polk","3","18","True","ACTIVE","2360","2355","2355","169.99","0.0",,,,"3|4|5|23|7|20|21"
"4041572","Kameron Cline","Kameron","Cline","10","0","True","ACTIVE","2043","2033","2033","170.0",,,,,"9|11|15|20|21"
"4602667","Jaylin Lane","Jaylin","Lane","3","28","True","ACTIVE","1022","1022","1022","169.99","100.95364857",,,,"3|4|5|23|7|20|21"
"11122","Matt Prater","Matt","Prater","5","0","True","ACTIVE","1946","1943","1943","169.94",,,,,"17|20|21"
"3943270","Rasul Douglas","Rasul","Douglas","12","28","True","ACTIVE","697","697","697","171.37","126.33302824",,,,"12|14|15|20|21"
"2976592","Sterling Shepard","Sterling","Shepard","3","34","True","ACTIVE","1929","1926","1926","169.99",,,,,"3|4|5|23|7|20|21"
"4574008","Kenny Dyson Jr.","Kenny","Dyson Jr.","10","16","True","ACTIVE","2455","2463","2463","170.0",,,,,"9|11|15|20|21"
"15222","Rodney McLeod Jr.","Rodney","McLeod Jr.","13","5","True",,"1663","1663","1663","170.0",,,,,"13|14|15|20|21"
"4037468","Shaq Quarterman","Shaq","Quarterman","11","0","True","ACTIVE","1990","1987","1987","170.0",,,,,"10|15|20|21"
"4426553","Davis Allen","Davis","Allen","4","14","True","QUESTIONABLE","1134","1134","1134","169.98","26.39658111",,,,"5|6|23|7|20|21"
"4242234","Neil Farrell","Neil","Farrell","9","0","True","ACTIVE","2155","2150","2150","170.0",,,,,"8|11|15|20|21"
"4258620","Andre Szmyt","Andre","Szmyt","5","5","True","ACTIVE","503","503","503","169.87","142.8309521",,,,"17|20|21"
"5081927","R Mason Thomas","R Mason","Thomas","10","12","True","ACTIVE","834","834","834","170.02","65.31069996",,,,"9|11|15|20|21"
"15231","Michael Thomas","Michael","Thomas","13","0","True","ACTIVE","1667","1667","1667","170.0",,,,,"13|14|15|20|21"
"2972515","Cooper Rush","Cooper","Rush","1","1","True","ACTIVE","1373","1373","1373","169.98",,,,,"0|7|20|21"
"4430656","Myles Price","Myles","Price","3","16","True","ACTIVE","1344","1344","1344","169.96","160.65629699",,,,"3|4|5|23|7|20|21"
"3124067","Terrell Edmunds","Terrell","Edmunds","13","0","True","ACTIVE","1738","1738","1738","170.0",,,,,"13|14|15|20|21"
"15235","Tashaun Gipson Sr.","Tashaun","Gipson Sr.","13","0","True","ACTIVE","1665","1665","1665","170.0",,,,,"13|14|15|20|21"
"4586312","Jaylin Noel","Jaylin","Noel","3","34","True","QUESTIONABLE","219","219","301","171.4","257.85122285",,,,"3|4|5|23|7|20|21"
"4037457","Travis Homer","Travis","Homer","2","23","True","ACTIVE","1386","1386","1386","169.98",,,,,"2|3|23|7|20|21"
"4569923","Andy Borregales","Andy","Borregales","5","17","True","ACTIVE","495","495","495","170.04","133.31300401",,,,"17|20|21"
"4373320","Erick Hallett II","Erick","Hallett II","13","10","True","ACTIVE","2250","2245","2245","170.0",,,,,"13|14|15|20|21"
"3115962","Jabrill Peppers","Jabrill","Peppers","13","0","True","ACTIVE","1735","1735","1735","170.0",,,,,"13|14|15|20|21"
"3734467","Efe Obada","Efe","Obada","10","0","True","ACTIVE","1759","1759","1759","169.99",,,,,"9|11|15|20|21"
"4430802","Darnell Washington","Darnell","Washington","4","23","True","ACTIVE","445","445","455","169.58","103.10427738",,,,"5|6|23|7|20|21"
"3046326","Tre Flowers","Tre","Flowers","12","0","True","ACTIVE","1730","1730","1730","170.0",,,,,"12|14|15|20|21"
"2612151","Alex Singleton","Alex","Singleton","11","7","True","ACTIVE","247","247","258","164.83","158.09823242",,,,"10|15|20|21"
"5086161","Jaden Dugger","Jaden","Dugger","11","25","True","ACTIVE","2601","2593","2593","170.03",,,,,"25|10|15|20|21"
"4242392","Brock Wright","Brock","Wright","4","8","True","ACTIVE","1144","1144","1144","169.9","25.29082879",,,,"5|6|23|7|20|21"
"4430807","Bijan Robinson","Bijan","Robinson","2","1","True","ACTIVE","2","2","8","2.48","389.7954636",,,,"2|3|23|7|20|21"
"4037559","Devon Key","Devon","Key","13","7","True","ACTIVE","1154","1154","1154","169.92","15.82695326",,,,"13|14|15|20|21"
"4361182","Adrian Martinez","Adrian","Martinez","1","25","True","ACTIVE","1629","1629","1629","169.99",,,,,"0|7|20|21"
"4373471","Brennan Jackson","Brennan","Jackson","10","13","True","INJURY_RESERVE","2405","2400","2400","170.0",,,,,"9|11|15|20|21"
"4242402","Elijah Hicks","Elijah","Hicks","13","3","True","OUT","1313","1313","1313","170.0","5.81920756",,,,"13|14|15|20|21"
"4361189","Casey Rogers","Casey","Rogers","9","17","True","ACTIVE","2460","2460","2460","170.0",,,,,"8|11|15|20|21"
"4430822","Noah Sewell","Noah","Sewell","11","3","True","OUT","2238","2233","2233","169.94","0.0",,,,"10|15|20|21"
"4692970","Reuben Lowery III","Reuben","Lowery III","13","11","True","ACTIVE","2537","2550","2550","169.95","0.0",,,,"13|14|15|20|21"
"4430821","Kitan Crawford","Kitan","Crawford","13","22","True","ACTIVE","1300","1300","1300","170.0","6.81743315",,,,"13|14|15|20|21"
"4570084","Jerrick Reed II","Jerrick","Reed II","13","10","True","ACTIVE","2228","2223","2223","170.0",,,,,"13|14|15|20|21"
"4361194","Isaiah Stalbird","Isaiah","Stalbird","11","18","True","ACTIVE","2520","2518","2518","170.0","0.0",,,,"10|15|20|21"
"3115928","Malik Turner","Malik","Turner","3","25","True","ACTIVE","1371","1371","1371","169.99",,,,,"3|4|5|23|7|20|21"
"4361196","Cam Taylor-Britt","Cam","Taylor-Britt","12","11","True","SUSPENSION","964","964","964","169.97","41.32829019",,,,"12|14|15|20|21"
"5159928","Bobby Jamison-Travis","Bobby","Jamison-Travis","9","19","True","ACTIVE","1116","1116","1116","169.97","18.8608264",,,,"25|8|11|15|20|21"
"4242415","Daniel Scott","Daniel","Scott","13","11","True","ACTIVE","2242","2237","2237","170.0",,,,,"13|14|15|20|21"
"4430834","Jalen McMillan","Jalen","McMillan","3","27","True","QUESTIONABLE","188","188","208","168.62","160.34762821",,,,"3|4|5|23|7|20|21"
"3046292","John Johnson III","John","Johnson III","13","0","True","ACTIVE","1720","1720","1720","170.0",,,,,"13|14|15|20|21"
"4430831","Trenton Simpson","Trenton","Simpson","11","33","True","ACTIVE","689","689","689","170.08","42.36834893",,,,"10|15|20|21"
"4430838","Rylie Mills","Rylie","Mills","9","26","True","ACTIVE","1223","1223","1223","169.97","8.88495977",,,,"8|11|15|20|21"
"5155825","Carter Runyon","Carter","Runyon","4","13","True","ACTIVE","1627","1608","1608","170.0",,,,,"5|6|23|7|20|21"
"3046287","Matt Milano","Matt","Milano","11","0","True","ACTIVE","1702","1702","1702","169.99",,,,,"10|15|20|21"
"4430835","Alfred Collins","Alfred","Collins","9","25","True","ACTIVE","933","933","933","169.99","47.91299728",,,,"8|11|15|20|21"
"4430841","Carson Beck","Carson","Beck","1","22","True","QUESTIONABLE","451","451","333","169.93","34.44046502","66.14393524","40.83194591","450.5173533","25|0|7|20|21"
"4365303","Myles Cole","Myles","Cole","10","18","True","ACTIVE","2404","2399","2399","169.99",,,,,"9|11|15|20|21"
"4250621","Kobie Turner","Kobie","Turner","9","14","True","QUESTIONABLE","705","705","705","171.22","78.16177155",,,,"8|11|15|20|21"
"4242431","Ty Chandler","Ty","Chandler","2","18","True","QUESTIONABLE","1454","1453","1453","169.98",,,,,"2|3|23|7|20|21"
"4242433","Joshua Palmer","Joshua","Palmer","3","2","True","ACTIVE","997","997","997","169.94","53.63015257",,,,"3|4|5|23|7|20|21"
"4037520","Tomon Fox","Tomon","Fox","10","14","True","ACTIVE","2194","2190","2190","170.0",,,,,"9|11|15|20|21"
"4242436","Theo Jackson","Theo","Jackson","13","16","True","ACTIVE","845","845","845","170.07","78.68843276",,,,"13|14|15|20|21"
"4570119","Alex Wright","Alex","Wright","10","5","True","INJURY_RESERVE","576","576","576","172.3","106.63004009",,,,"9|11|15|20|21"
"4037521","Chazz Surratt","Chazz","Surratt","11","26","True","ACTIVE","1230","1230","1230","170.0","8.35140142",,,,"10|15|20|21"
"3910544","Joshua Kelley","Joshua","Kelley","2","0","True","ACTIVE","1978","1974","1974","169.99",,,,,"2|3|23|7|20|21"
"4365319","Josh Newton","Josh","Newton","12","4","True","ACTIVE","950","950","950","169.98","50.09853433",,,,"12|14|15|20|21"
"4242442","Princeton Fant","Princeton","Fant","4","6","True","INJURY_RESERVE","1522","1516","1516","170.0",,,,,"5|6|23|7|20|21"
"4262921","Justin Jefferson","Justin","Jefferson","3","16","True","ACTIVE","11","11","26","12.08","358.75330136",,,,"3|4|5|23|7|20|21"
"3050487","Anthony Miller","Anthony","Miller","3","0","True","ACTIVE","1917","2472","2472","169.98",,,,,"3|4|5|23|7|20|21"
"4877203","Gage Larvadain","Gage","Larvadain","3","5","True","ACTIVE","1352","1352","1352","169.99","11.0106324",,,,"3|4|5|23|7|20|21"
"4250510","Andre' Sam","Andre'","Sam","13","21","True","ACTIVE","2549","2575","2575","169.96",,,,,"13|14|15|20|21"
"4361100","Jack Westover","Jack","Westover","2","17","True","ACTIVE","1563","1568","1568","169.99",,,,,"2|3|23|7|20|21"
"4430737","Kyren Williams","Kyren","Williams","2","14","True","ACTIVE","39","39","71","41.96","246.90717608",,,,"2|3|23|7|20|21"
"3050481","Tanner Hudson","Tanner","Hudson","4","4","True","ACTIVE","1063","1063","1063","169.99","41.18834767",,,,"5|6|23|7|20|21"
"5208977","Qwan'tez Stiggers","Qwan'tez","Stiggers","12","20","True","QUESTIONABLE","1180","1180","1180","169.92","14.41468832",,,,"12|14|15|20|21"
"3128303","Josh Woods","Josh","Woods","11","1","True","ACTIVE","1967","1963","1963","170.0",,,,,"10|15|20|21"
"4565908","Tyler Scott","Tyler","Scott","3","14","True","ACTIVE","1495","1494","1494","169.99",,,,,"3|4|5|23|7|20|21"
"3050478","Jake Elliott","Jake","Elliott","5","21","True","ACTIVE","411","411","424","168.85","143.67374138",,,,"17|20|21"
"4361114","Taki Taimani","Taki","Taimani","9","16","True","QUESTIONABLE","2427","2422","2422","169.97","0.0",,,,"8|11|15|20|21"
"4385690","Dalton Kincaid","Dalton","Kincaid","4","2","True","ACTIVE","138","146","172","131.97","218.4647827",,,,"5|6|23|7|20|21"
"4696981","Cam Skattebo","Cam","Skattebo","2","19","True","ACTIVE","41","41","73","44.01","249.23283855",,,,"2|3|23|7|20|21"
"4361112","Devin Culp","Devin","Culp","4","27","True","ACTIVE","1533","1532","1532","170.0","0.0",,,,"5|6|23|7|20|21"
"4037626","Divine Deablo","Divine","Deablo","11","1","True","ACTIVE","566","566","566","173.37","154.84674117",,,,"10|15|20|21"
"4242333","Faion Hicks","Faion","Hicks","12","0","True","ACTIVE","2148","2143","2143","170.0",,,,,"12|14|15|20|21"
"4242335","Jonathan Taylor","Jonathan","Taylor","2","11","True","ACTIVE","7","7","17","7.67","338.28734874",,,,"2|3|23|7|20|21"
"4291489","Kader Kohou","Kader","Kohou","12","12","True","QUESTIONABLE","877","877","877","170.09","84.07318918",,,,"12|14|15|20|21"
"4426659","George Karlaftis","George","Karlaftis","10","12","True","ACTIVE","564","564","564","173.5","105.21441532",,,,"9|11|15|20|21"
"4602788","Jackson Meeks","Jackson","Meeks","4","8","True","ACTIVE","1614","1616","1616","170.0",,,,,"5|6|23|7|20|21"
"4570033","Kai Kroeger","Kai","Kroeger","7","34","True","ACTIVE","534","534","534","175.44","249.34681713",,,,"18|20|21"
"4688813","Josh Downs","Josh","Downs","3","11","True","ACTIVE","141","140","163","133.71","203.79880539",,,,"3|4|5|23|7|20|21"
"4373423","Karl Brooks","Karl","Brooks","9","9","True","ACTIVE","927","927","927","169.98","46.34538802",,,,"8|11|15|20|21"
"4242355","Jake Ferguson","Jake","Ferguson","4","6","True","ACTIVE","135","134","150","111.3","237.23710259",,,,"5|6|23|7|20|21"
"4570040","Byron Murphy II","Byron","Murphy II","9","26","True","ACTIVE","651","651","651","173.51","84.47099959",,,,"8|11|15|20|21"
"11252","Joe Flacco","Joe","Flacco","1","4","True","ACTIVE","454","454","374","169.93","13.17198617","24.74178575","15.28673616","164.837453","0|7|20|21"
"4426676","Jowon Briggs","Jowon","Briggs","9","20","True","ACTIVE","1002","1002","1002","170.0","36.67224578",,,,"8|11|15|20|21"
"4242358","Matt Henningsen","Matt","Henningsen","9","7","True","INJURY_RESERVE","2144","2139","2139","170.0",,,,,"8|11|15|20|21"
"4570037","Terrance Ferguson","Terrance","Ferguson","4","14","True","ACTIVE","148","207","222","165.36","186.26618444",,,,"5|6|23|7|20|21"
"4426686","Dane Belton","Dane","Belton","13","20","True","ACTIVE","1110","1110","1110","170.42","20.03148736",,,,"13|14|15|20|21"
"4570044","Jaquan Brisker","Jaquan","Brisker","13","23","True","QUESTIONABLE","512","512","512","175.06","138.00385249",,,,"13|14|15|20|21"
"4426689","Ulysses Bentley IV","Ulysses","Bentley IV","2","11","True","ACTIVE","1625","1623","1623","169.97",,,,,"2|3|23|7|20|21"
"4037584","Bryce Hall","Bryce","Hall","12","34","True","ACTIVE","2009","2005","2005","169.97",,,,,"12|14|15|20|21"
"4426694","Keeanu Benton","Keeanu","Benton","9","23","True","ACTIVE","768","768","768","170.49","70.86195936",,,,"8|11|15|20|21"
"4426698","Tatum Bethune","Tatum","Bethune","11","25","True","ACTIVE","680","680","680","170.18","47.70085127",,,,"10|15|20|21"
"4430925","Jahdae Barron","Jahdae","Barron","12","7","True","ACTIVE","910","910","910","170.01","63.96004126",,,,"12|14|15|20|21"
"4566092","Ennis Rakestraw Jr.","Ennis","Rakestraw Jr.","12","8","True","QUESTIONABLE","1091","1091","1091","169.98","25.09187934",,,,"12|14|15|20|21"
"4242512","Malik Willis","Malik","Willis","1","15","True","ACTIVE","195","195","132","166.74","265.50173827","504.8353848","322.6304039","3560.16214","0|7|20|21"
"4566094","Jacob Rodriguez","Jacob","Rodriguez","11","15","True","ACTIVE","650","650","650","170.69","85.46610302",,,,"25|10|15|20|21"
"4242515","Chandler Wooten","Chandler","Wooten","11","0","True",,"2299","2294","2294","170.0",,,,,"10|15|20|21"
"11284","Calais Campbell","Calais","Campbell","9","33","True","ACTIVE","852","852","852","169.96","60.04580517",,,,"8|11|15|20|21"
"4242516","Noah Igbinoghene","Noah","Igbinoghene","12","26","True","ACTIVE","1197","1197","1197","169.93","12.20349003",,,,"12|14|15|20|21"
"4365395","Julian Hill","Julian","Hill","4","17","True","INJURY_RESERVE","1510","1509","1509","169.99","0.0",,,,"5|6|23|7|20|21"
"4242519","Anders Carlson","Anders","Carlson","5","0","True","ACTIVE","2213","2208","2208","169.98",,,,,"17|20|21"
"4566100","Kobee Minor","Kobee","Minor","12","17","True","ACTIVE","2500","2498","2498","170.0",,,,,"12|14|15|20|21"
"4242521","K.J. Britt","K.J.","Britt","11","17","True","ACTIVE","671","671","671","170.26","57.85739974",,,,"10|15|20|21"
"3116104","Chris Jones","Chris","Jones","12","0","True","ACTIVE","1950","1946","1946","170.0",,,,,"12|14|15|20|21"
"4361307","Trey McBride","Trey","McBride","4","22","True","ACTIVE","17","17","28","20.52","349.60775201",,,,"5|6|23|7|20|21"
"4426844","Elijah Higgins","Elijah","Higgins","4","22","True","QUESTIONABLE","1006","1006","1006","169.95","62.3292962",,,,"5|6|23|7|20|21"
"4242526","John Samuel Shenker","John Samuel","Shenker","4","0","True","ACTIVE","2483","2476","2476","169.95",,,,,"5|6|23|7|20|21"
"3128390","Allen Lazard","Allen","Lazard","3","0","True","ACTIVE","1818","1818","1818","169.99",,,,,"3|4|5|23|7|20|21"
"3116097","Luke Gifford","Luke","Gifford","11","25","True","QUESTIONABLE","1963","1959","1959","169.99",,,,,"10|15|20|21"
"4430947","Yahya Black","Yahya","Black","9","23","True","ACTIVE","1188","1188","1188","169.98","11.66349547",,,,"8|11|15|20|21"
"4242536","Sal Cannella","Sal","Cannella","4","0","True","ACTIVE","2580","2534","2534","169.88",,,,,"5|6|23|7|20|21"
"4242540","Isaiah Hodgins","Isaiah","Hodgins","3","19","True","ACTIVE","1411","1411","1411","169.99",,,,,"3|4|5|23|7|20|21"
"4250737","Matthew Jackson","Matthew","Jackson","13","0","True","ACTIVE","2332","2318","2318","170.0",,,,,"13|14|15|20|21"
"4242546","Davis Mills","Davis","Mills","1","34","True","ACTIVE","1267","1267","1267","169.98","9.98933745","23.44175007","14.14396881","146.5796327","0|7|20|21"
"4242547","Paulson Adebo","Paulson","Adebo","12","19","True","QUESTIONABLE","447","447","447","175.07","141.38199673",,,,"12|14|15|20|21"
"4430965","Carrington Valentine","Carrington","Valentine","12","9","True","QUESTIONABLE","932","932","932","169.89","53.59784921",,,,"12|14|15|20|21"
"4361331","Jamien Sherwood","Jamien","Sherwood","11","20","True","ACTIVE","217","217","224","161.7","175.82628067",,,,"10|15|20|21"
"4361332","Shedrick Jackson","Shedrick","Jackson","3","13","True","ACTIVE","1518","1517","1517","170.0",,,,,"3|4|5|23|7|20|21"
"4373626","Tyler Allgeier","Tyler","Allgeier","2","22","True","ACTIVE","182","182","205","164.49","97.8755521",,,,"2|3|23|7|20|21"
"4430968","Kimani Vidal","Kimani","Vidal","2","24","True","ACTIVE","308","308","318","170.87","38.88240006",,,,"2|3|23|7|20|21"
"3046439","Hunter Henry","Hunter","Henry","4","17","True","ACTIVE","146","148","175","142.86","208.81681943",,,,"5|6|23|7|20|21"
"4242557","Colby Parkinson","Colby","Parkinson","4","14","True","ACTIVE","418","442","452","170.34","103.89317173",,,,"5|6|23|7|20|21"
"4570242","Nick Nash","Nick","Nash","3","28","True","ACTIVE","1593","1593","1593","170.0",,,,,"3|4|5|23|7|20|21"
"4242558","Tucker Fisk","Tucker","Fisk","4","0","True","ACTIVE","2303","2298","2298","169.99",,,,,"5|6|23|7|20|21"
"4361340","Tyreke Smith","Tyreke","Smith","10","12","True","QUESTIONABLE","2151","2146","2146","170.0","0.0",,,,"9|11|15|20|21"
"4426875","Sam Howell","Sam","Howell","1","6","True","ACTIVE","486","486","486","169.96","11.64317831","21.88661234","13.8242818","144.4617744","0|7|20|21"
"4373634","Dallin Holker","Dallin","Holker","4","0","True","ACTIVE","2417","2412","2412","169.99",,,,,"5|6|23|7|20|21"
"3140643","Ben Niemann","Ben","Niemann","11","0","True","ACTIVE","1774","1774","1774","170.0",,,,,"10|15|20|21"
"4373632","Jaren Hall","Jaren","Hall","1","0","True","ACTIVE","2251","2246","2246","169.98",,,,,"0|7|20|21"
"4566154","Jaylahn Tuimoloau","Jaylahn","Tuimoloau","10","11","True","ACTIVE","925","925","925","170.0","49.75102306",,,,"9|11|15|20|21"
"4361348","Dallas Gant","Dallas","Gant","11","0","True","ACTIVE","2468","2469","2469","170.0",,,,,"10|15|20|21"
"4426883","DeWayne Carter","DeWayne","Carter","9","2","True","ACTIVE","996","996","996","170.0","39.2115148",,,,"8|11|15|20|21"
"4578436","Coleman Owen","Coleman","Owen","3","11","True","ACTIVE","1623","1626","1626","170.0",,,,,"3|4|5|23|7|20|21"
"4430870","KeAndre Lambert-Smith","KeAndre","Lambert-Smith","3","24","True","ACTIVE","1148","1148","1148","169.97","70.15162232",,,,"3|4|5|23|7|20|21"
"4869132","Reggie Virgil","Reggie","Virgil","3","22","True","ACTIVE","1277","1277","1277","169.98","8.84970555",,,,"25|3|4|5|23|7|20|21"
"3128429","Courtland Sutton","Courtland","Sutton","3","7","True","ACTIVE","55","72","106","80.39","246.7656476",,,,"3|4|5|23|7|20|21"
"4242457","Matthew Butler","Matthew","Butler","9","15","True","ACTIVE","1095","1095","1095","170.0","22.3323143",,,,"8|11|15|20|21"
"4430871","Sean Tucker","Sean","Tucker","2","27","True","ACTIVE","351","351","364","170.35","98.32264641",,,,"2|3|23|7|20|21"
"4873232","Mason Graham","Mason","Graham","9","5","True","ACTIVE","711","711","711","171.45","75.30293477",,,,"8|11|15|20|21"
"4430878","Jaxon Smith-Njigba","Jaxon","Smith-Njigba","3","26","True","ACTIVE","5","5","11","5.73","398.96159197",,,,"3|4|5|23|7|20|21"
"4688930","Javon Bullard","Javon","Bullard","12","9","True","QUESTIONABLE","790","790","790","170.21","93.00627324",,,,"12|14|15|20|21"
"3116165","Chris Godwin Jr.","Chris","Godwin Jr.","3","27","True","ACTIVE","158","158","185","143.55","191.18614592",,,,"3|4|5|23|7|20|21"
"3116164","Mike Gesicki","Mike","Gesicki","4","4","True","ACTIVE","417","417","429","170.33","118.23531279",,,,"5|6|23|7|20|21"
"3128452","Jordan Akins","Jordan","Akins","4","0","True","ACTIVE","1788","1788","1788","169.99",,,,,"5|6|23|7|20|21"
"3042436","Daryl Worley","Daryl","Worley","13","0","True","ACTIVE","1779","1779","1779","170.0",,,,,"13|14|15|20|21"
"3722362","Brett Rypien","Brett","Rypien","1","34","True","ACTIVE","1381","1381","1381","169.99",,,,,"0|7|20|21"
"4426794","Omar Brown","Omar","Brown","13","0","True","QUESTIONABLE","2464","2464","2464","170.0","0.0",,,,"13|14|15|20|21"
"3128444","Matthew Wright","Matthew","Wright","5","0","True","ACTIVE","2052","2037","2037","169.98",,,,,"17|20|21"
"4688931","Maxwell Hairston","Maxwell","Hairston","12","2","True","ACTIVE","778","778","778","170.19","114.92726453",,,,"12|14|15|20|21"
"4361259","Zach Wilson","Zach","Wilson","1","18","True","ACTIVE","1423","1422","1422","169.97",,,,,"0|7|20|21"
"4361266","Greg Newsome II","Greg","Newsome II","12","19","True","QUESTIONABLE","881","881","881","170.03","79.49411214",,,,"12|14|15|20|21"
"4430896","JJ Pegues","JJ","Pegues","9","13","True","ACTIVE","1185","1185","1185","169.98","11.92277248",,,,"8|11|15|20|21"
"2473037","Jason Myers","Jason","Myers","5","26","True","ACTIVE","242","242","253","118.52","184.91570316",,,,"17|20|21"
"4242485","Thomas Graham Jr.","Thomas","Graham Jr.","12","0","True","ACTIVE","2074","2069","2069","170.0",,,,,"12|14|15|20|21"
"4242488","Deommodore Lenoir","Deommodore","Lenoir","12","25","True","ACTIVE","807","807","807","170.08","98.16306924",,,,"12|14|15|20|21"
"4369466","Ryan Miller","Ryan","Miller","3","19","True","ACTIVE","1521","1519","1519","170.0",,,,,"3|4|5|23|7|20|21"
"4361272","Eku Leota","Eku","Leota","10","22","True","ACTIVE","2306","2301","2301","169.96",,,,,"9|11|15|20|21"
"4602943","Chris Paul Jr.","Chris","Paul Jr.","11","26","True","ACTIVE","2494","2492","2492","169.97",,,,,"10|15|20|21"
"4594749","Michael Trigg","Michael","Trigg","4","6","True","QUESTIONABLE","1650","1650","1650","169.98",,,,,"25|5|6|23|7|20|21"
"2575453","Rakeem Nunez-Roches","Rakeem","Nunez-Roches","9","27","True","ACTIVE","1229","1229","1229","170.0","8.14666317",,,,"8|11|15|20|21"
"4426817","Jarvis Brownlee Jr.","Jarvis","Brownlee Jr.","12","20","True","ACTIVE","2382","2377","2377","170.02",,,,,"12|14|15|20|21"
"11394","Josh Johnson","Josh","Johnson","1","4","True","ACTIVE","1394","1394","1394","169.98","0.0",,,,"0|7|20|21"
"4566088","Jaylan Ford","Jaylan","Ford","11","18","True","ACTIVE","2396","2391","2391","170.0",,,,,"10|15|20|21"
"4365380","Brevin Allen","Brevin","Allen","10","0","True","ACTIVE","2317","2319","2319","169.99",,,,,"9|11|15|20|21"
"4361421","PJ Mustipher","PJ","Mustipher","9","0","True","QUESTIONABLE","2336","2342","2342","170.0","0.0",,,,"8|11|15|20|21"
"4361422","Odafe Oweh","Odafe","Oweh","10","28","True","QUESTIONABLE","400","400","401","174.86","117.60441713",,,,"9|11|15|20|21"
"4361419","Jesse Luketa","Jesse","Luketa","10","17","True","ACTIVE","2165","2160","2160","170.0",,,,,"9|11|15|20|21"
"4361426","Justin Shorter","Justin","Shorter","3","13","True","INJURY_RESERVE","1490","1489","1489","170.0",,,,,"3|4|5|23|7|20|21"
"4361423","Micah Parsons","Micah","Parsons","10","9","True","OUT","226","226","237","166.14","103.86329877",,,,"9|11|15|20|21"
"4689114","Jaxson Dart","Jaxson","Dart","1","19","True","ACTIVE","85","85","23","76.3","341.82474568","503.9695636","327.145456","3685.397664","0|7|20|21"
"4246741","Travis Bell","Travis","Bell","9","5","True","ACTIVE","2243","2238","2238","170.0",,,,,"8|11|15|20|21"
"4685016","Ellis Merriweather","Ellis","Merriweather","2","0","True","ACTIVE","2319","2320","2320","169.99",,,,,"2|3|23|7|20|21"
"3120303","Ross Dwelley","Ross","Dwelley","4","0","True","ACTIVE","1796","1796","1796","169.99",,,,,"5|6|23|7|20|21"
"3042476","Dawuane Smoot","Dawuane","Smoot","9","0","True","ACTIVE","1688","1688","1688","170.0",,,,,"8|11|15|20|21"
"4361432","Romeo Doubs","Romeo","Doubs","3","17","True","ACTIVE","159","159","187","151.46","181.55701896",,,,"3|4|5|23|7|20|21"
"4361438","Cole Turner","Cole","Turner","4","15","True","ACTIVE","1453","1452","1452","169.99","0.0",,,,"5|6|23|7|20|21"
"4242659","Dayo Odeyingbo","Dayo","Odeyingbo","10","3","True","ACTIVE","753","753","753","170.14","75.34128954",,,,"9|11|15|20|21"
"4426990","Jalen Moreno-Cropper","Jalen","Moreno-Cropper","3","18","True","ACTIVE","1565","1562","1562","170.0",,,,,"3|4|5|23|7|20|21"
"4685039","Michael Pratt","Michael","Pratt","1","0","True","ACTIVE","2406","2401","2401","169.94",,,,,"0|7|20|21"
"3914922","Rigoberto Sanchez","Rigoberto","Sanchez","7","11","True","ACTIVE","535","535","535","175.64","240.71581097",,,,"18|20|21"
"4426992","Howard Cross III","Howard","Cross III","9","4","True","ACTIVE","2557","2561","2561","170.0",,,,,"8|11|15|20|21"
"3116179","Nick Scott","Nick","Scott","13","29","True","ACTIVE","574","574","574","173.95","115.07298556",,,,"13|14|15|20|21"
"4685035","Zach Evans","Zach","Evans","2","0","True","ACTIVE","2212","2207","2207","169.99",,,,,"2|3|23|7|20|21"
"3116177","Troy Reeder","Troy","Reeder","11","8","True","ACTIVE","1957","1953","1953","169.99","0.0",,,,"10|15|20|21"
"4725996","Abdul Carter","Abdul","Carter","10","19","True","ACTIVE","588","588","588","172.65","101.26811081",,,,"9|11|15|20|21"
"4816107","Benjamin Morrison","Benjamin","Morrison","12","27","True","ACTIVE","703","703","703","171.07","119.35439623",,,,"12|14|15|20|21"
"3116175","Amani Oruwariye","Amani","Oruwariye","12","33","True","ACTIVE","1867","1867","1867","170.0",,,,,"12|14|15|20|21"
"2579604","Phillip Dorsett II","Phillip","Dorsett II","3","13","True","ACTIVE","1378","1378","1378","169.99",,,,,"3|4|5|23|7|20|21"
"2579621","Denzel Perryman","Denzel","Perryman","11","24","True","ACTIVE","641","641","641","170.61","93.40972949",,,,"10|15|20|21"
"3116187","Ja'Whaun Bentley","Ja'Whaun","Bentley","11","0","True","ACTIVE","1770","1770","1770","170.0",,,,,"10|15|20|21"
"3873935","Jamel Dean","Jamel","Dean","12","23","True","ACTIVE","694","694","694","171.55","124.77868625",,,,"12|14|15|20|21"
"4361357","Javontae Jean-Baptiste","Javontae","Jean-Baptiste","10","28","True","ACTIVE","2395","2390","2390","170.0","0.0",,,,"9|11|15|20|21"
"4250764","Stone Smartt","Stone","Smartt","4","21","True","ACTIVE","1480","1479","1479","169.99",,,,,"5|6|23|7|20|21"
"4426893","Joshua Cephus","Joshua","Cephus","3","0","True","ACTIVE","2441","2437","2437","169.98",,,,,"3|4|5|23|7|20|21"
"3054840","Jonathan Allen","Jonathan","Allen","9","4","True","ACTIVE","795","795","795","170.72","65.86218645",,,,"8|11|15|20|21"
"3931395","Jake Bailey","Jake","Bailey","7","1","True","ACTIVE","533","533","533","176.44","250.59389539",,,,"18|20|21"
"4365457","Brodric Martin-Rhodes","Brodric","Martin-Rhodes","9","22","True","ACTIVE","2235","2230","2230","170.0",,,,,"8|11|15|20|21"
"4566158","Ben Sauls","Ben","Sauls","5","19","True","ACTIVE","2581","2565","2565","169.74","0.0",,,,"17|20|21"
"3931399","Justin Reid","Justin","Reid","13","18","True","ACTIVE","619","619","619","171.75","123.35674434",,,,"13|14|15|20|21"
"4361366","Tommy Togiai","Tommy","Togiai","9","34","True","ACTIVE","654","654","654","174.32","82.01918066",,,,"8|11|15|20|21"
"4426901","Leo Chenal","Leo","Chenal","11","28","True","ACTIVE","701","701","701","169.91","39.59895945",,,,"10|15|20|21"
"2575606","Bobby McCain","Bobby","McCain","13","0","True","ACTIVE","1749","1749","1749","170.0",,,,,"13|14|15|20|21"
"4361370","Chris Olave","Chris","Olave","3","18","True","ACTIVE","27","26","47","30.9","305.8522471",,,,"3|4|5|23|7|20|21"
"3931391","Trenton Irwin","Trenton","Irwin","3","25","True","ACTIVE","1402","1402","1402","169.99",,,,,"3|4|5|23|7|20|21"
"3054857","A'Shawn Robinson","A'Shawn","Robinson","9","27","True","ACTIVE","750","750","750","171.11","65.65822069",,,,"8|11|15|20|21"
"4431006","Caelen Carson","Caelen","Carson","12","6","True","ACTIVE","1216","1216","1216","170.01","10.79780682",,,,"12|14|15|20|21"
"4431005","Xavier Watts","Xavier","Watts","13","1","True","ACTIVE","598","598","598","173.29","131.81427974",,,,"13|14|15|20|21"
"4877475","Cam'Ron Silmon-Craig","Cam'Ron","Silmon-Craig","13","30","True","ACTIVE","2542","2563","2563","169.92","0.0",,,,"13|14|15|20|21"
"4361372","Jeremy Ruckert","Jeremy","Ruckert","4","20","True","ACTIVE","1097","1097","1097","169.97","36.0989355",,,,"5|6|23|7|20|21"
"3054850","Alvin Kamara","Alvin","Kamara","2","18","True","QUESTIONABLE","176","176","197","160.05","130.24796774",,,,"2|3|23|7|20|21"
"4361382","NaJee Thompson","NaJee","Thompson","12","0","True","ACTIVE","2324","2314","2314","170.0",,,,,"12|14|15|20|21"
"3054847","Eddie Jackson","Eddie","Jackson","13","0","True","ACTIVE","1731","1731","1731","170.0",,,,,"13|14|15|20|21"
"4426921","Dean Clark","Dean","Clark","13","20","True","ACTIVE","2552","2583","2583","169.95",,,,,"13|14|15|20|21"
"4426926","Demani Richardson","Demani","Richardson","13","29","True","ACTIVE","2437","2433","2433","170.0",,,,,"13|14|15|20|21"
"4566192","Joshua Karty","Joshua","Karty","5","0","True","ACTIVE","2366","2361","2361","169.97","0.0",,,,"17|20|21"
"4373678","Khalil Shakir","Khalil","Shakir","3","2","True","QUESTIONABLE","140","108","143","124.4","225.19463933",,,,"3|4|5|23|7|20|21"
"3042519","Aaron Jones Sr.","Aaron","Jones Sr.","2","16","True","ACTIVE","151","143","170","132.97","196.9348265",,,,"2|3|23|7|20|21"
"4426923","Kei'Trel Clark","Kei'Trel","Clark","12","22","True","ACTIVE","2259","2254","2254","170.0",,,,,"12|14|15|20|21"
"4570296","Dalen Cambre","Dalen","Cambre","3","19","True","ACTIVE","1606","1607","1607","170.0",,,,,"3|4|5|23|7|20|21"
"4373684","Scott Matlock","Scott","Matlock","2","24","True","ACTIVE","1498","1497","1497","169.99",,,,,"2|3|23|7|20|21"
"5160110","Jahdae Walker","Jahdae","Walker","3","3","True","ACTIVE","1255","1255","1255","169.94","9.34961854",,,,"3|4|5|23|7|20|21"
"4570294","Mekhi Garner","Mekhi","Garner","13","0","True","ACTIVE","2339","2327","2327","170.0",,,,,"13|14|15|20|21"
"3120358","Uchenna Nwosu","Uchenna","Nwosu","10","26","True","ACTIVE","702","702","702","170.31","81.81552296",,,,"9|11|15|20|21"
"4361409","Jahan Dotson","Jahan","Dotson","3","1","True","ACTIVE","327","327","350","170.59","112.76868743",,,,"3|4|5|23|7|20|21"
"4361411","Pat Freiermuth","Pat","Freiermuth","4","23","True","ACTIVE","296","296","341","169.05","196.63629072",,,,"5|6|23|7|20|21"
"4426948","Luke McCaffrey","Luke","McCaffrey","3","28","True","ACTIVE","1146","1146","1146","169.91","188.23678043",,,,"3|4|5|23|7|20|21"
"4361417","Zack Kuntz","Zack","Kuntz","4","6","True","ACTIVE","1497","1496","1496","169.99",,,,,"5|6|23|7|20|21"
"4361418","Will Levis","Will","Levis","1","10","True","ACTIVE","1484","1483","1483","169.97",,,,,"0|7|20|21"
"4373706","Markees Watts","Markees","Watts","10","5","True","ACTIVE","2293","2288","2288","170.0",,,,,"9|11|15|20|21"
"3120348","JuJu Smith-Schuster","JuJu","Smith-Schuster","3","0","True","QUESTIONABLE","1905","1905","1905","169.96","0.0",,,,"3|4|5|23|7|20|21"
"3120347","Adoree' Jackson","Adoree'","Jackson","12","0","True","ACTIVE","1733","1733","1733","170.0",,,,,"12|14|15|20|21"
"4259147","Jake Tonges","Jake","Tonges","4","25","True","ACTIVE","442","441","450","170.37","45.4514462",,,,"5|6|23|7|20|21"
"4869461","Trey Smack","Trey","Smack","5","9","True","ACTIVE","410","410","423","167.83","156.91913169",,,,"25|17|20|21"
"4877652","Jake Golday","Jake","Golday","11","16","True","ACTIVE","734","734","734","169.99","30.76465443",,,,"25|10|15|20|21"
"3128630","Chris Lammons","Chris","Lammons","12","0","True","QUESTIONABLE","1969","1965","1965","170.0",,,,,"12|14|15|20|21"
"4427090","Brandon Dorlus","Brandon","Dorlus","9","1","True","ACTIVE","820","820","820","170.33","67.82649637",,,,"8|11|15|20|21"
"4033855","Sam Kamara","Sam","Kamara","9","5","True","ACTIVE","2111","2106","2106","170.0",,,,,"8|11|15|20|21"
"4574551","Isaiah Land","Isaiah","Land","10","6","True","ACTIVE","2354","2328","2328","170.0",,,,,"9|11|15|20|21"
"4685145","Jaylon Jones","Jaylon","Jones","12","11","True","ACTIVE","2271","2266","2266","170.0","0.0",,,,"12|14|15|20|21"
"4693337","Marques Sigle","Marques","Sigle","13","25","True","ACTIVE","1129","1129","1129","169.97","16.96730093",,,,"13|14|15|20|21"
"3046704","Geoff Swaim","Geoff","Swaim","4","0","True","ACTIVE","1915","1914","1914","169.99",,,,,"5|6|23|7|20|21"
"4431194","Billy Bowman Jr.","Billy","Bowman Jr.","12","1","True","OUT","736","736","736","170.53","83.41226589",,,,"12|14|15|20|21"
"4250969","Rodney Williams","Rodney","Williams","4","0","True","ACTIVE","2343","2299","2299","169.99",,,,,"5|6|23|7|20|21"
"4427095","DeMario Douglas","DeMario","Douglas","3","17","True","ACTIVE","393","393","406","170.13","73.6147611",,,,"3|4|5|23|7|20|21"
"4693331","Cam Miller","Cam","Miller","1","15","True","ACTIVE","1581","1581","1581","169.99",,,,,"0|7|20|21"
"4693345","Cole Wisniewski","Cole","Wisniewski","13","21","True","QUESTIONABLE","1302","1302","1302","170.0","6.55241055",,,,"25|13|14|15|20|21"
"4259166","Terrel Bernard","Terrel","Bernard","11","2","True","ACTIVE","563","563","563","173.89","149.02476176",,,,"10|15|20|21"
"4427105","Max Duggan","Max","Duggan","1","0","True","ACTIVE","2261","2256","2256","169.98",,,,,"0|7|20|21"
"4427103","Storm Duck","Storm","Duck","12","15","True","OUT","916","916","916","169.96","61.17639088",,,,"12|14|15|20|21"
"4427108","Khalid Duke","Khalid","Duke","10","0","True","ACTIVE","2444","2440","2440","170.0",,,,,"9|11|15|20|21"
"4361577","Dyami Brown","Dyami","Brown","3","28","True","ACTIVE","984","984","984","169.98","56.05753489",,,,"3|4|5|23|7|20|21"
"4431210","Beaux Collins","Beaux","Collins","3","1","True","ACTIVE","1603","1603","1603","169.98",,,,,"3|4|5|23|7|20|21"
"4570470","Nahshon Wright","Nahshon","Wright","12","20","True","QUESTIONABLE","831","831","831","170.36","98.38574109",,,,"12|14|15|20|21"
"4570469","Marcus Harris","Marcus","Harris","12","10","True","ACTIVE","799","799","799","170.13","110.98011553",,,,"12|14|15|20|21"
"4566384","Zakee Wheatley","Zakee","Wheatley","13","29","True","ACTIVE","2605","2612","2612","169.95",,,,,"25|13|14|15|20|21"
"4259181","James Lynch","James","Lynch","9","3","True","ACTIVE","2012","2008","2008","170.0",,,,,"8|11|15|20|21"
"4361579","Javonte Williams","Javonte","Williams","2","6","True","ACTIVE","31","31","60","35.64","273.17416536",,,,"2|3|23|7|20|21"
"4431212","Junior Colson","Junior","Colson","11","24","True","ACTIVE","779","779","779","170.0","16.89835147",,,,"10|15|20|21"
"4427120","Jaylen McCollough","Jaylen","McCollough","13","14","True","ACTIVE","944","944","944","169.98","48.91453222",,,,"13|14|15|20|21"
"4361584","Lance Boykin","Lance","Boykin","12","0","True","ACTIVE","2327","2340","2340","170.0",,,,,"12|14|15|20|21"
"3931422","Dane Cruikshank","Dane","Cruikshank","13","0","True","ACTIVE","1777","1777","1777","170.0",,,,,"13|14|15|20|21"
"4693370","Riley Nowakowski","Riley","Nowakowski","2","23","True","ACTIVE","1276","1276","1276","169.97","8.80401715",,,,"2|3|23|7|20|21"
"4599160","Trey Washington","Trey","Washington","13","11","True","ACTIVE","2569","2560","2560","169.98",,,,,"13|14|15|20|21"
"4726127","Tacario Davis","Tacario","Davis","12","4","True","ACTIVE","1027","1027","1027","169.99","35.38631725",,,,"25|12|14|15|20|21"
"3931424","Demetrius Flannigan-Fowles","Demetrius","Flannigan-Fowles","11","2","True","INJURY_RESERVE","2037","2040","2040","169.94","0.0",,,,"10|15|20|21"
"5143915","Nick Whiteside","Nick","Whiteside","12","8","True","ACTIVE","2323","2322","2322","169.99",,,,,"12|14|15|20|21"
"4033812","Jake Hansen","Jake","Hansen","11","34","True","QUESTIONABLE","2187","2182","2182","170.0","0.0",,,,"10|15|20|21"
"4693373","Jordan Turner","Jordan","Turner","11","7","True","ACTIVE","2527","2525","2525","170.0","0.0",,,,"10|15|20|21"
"4877706","Jayden Higgins","Jayden","Higgins","3","34","True","INJURY_RESERVE","1569","1569","1569","168.49","0.0",,,,"3|4|5|23|7|20|21"
"15683","Justin Tucker","Justin","Tucker","5","0","True","ACTIVE","1936","1933","1933","169.53",,,,,"17|20|21"
"5033343","Haggai Ndubuisi","Haggai","Ndubuisi","9","0","True","ACTIVE","2582","2576","2576","169.97",,,,,"8|11|15|20|21"
"3919117","Azeez Al-Shaair","Azeez","Al-Shaair","11","34","True","ACTIVE","474","474","474","173.34","151.80131467",,,,"10|15|20|21"
"3144991","Parker Hesse","Parker","Hesse","4","0","True","ACTIVE","2105","2100","2100","169.99",,,,,"5|6|23|7|20|21"
"4361604","Blake Watson","Blake","Watson","2","0","True","ACTIVE","2415","2410","2410","169.98",,,,,"2|3|23|7|20|21"
"3931408","Casey Toohill","Casey","Toohill","10","0","True","ACTIVE","2014","2010","2010","169.97",,,,,"9|11|15|20|21"
"3071353","E.J. Speed","E.J.","Speed","11","34","True","OUT","1878","1878","1878","169.97","0.0",,,,"10|15|20|21"
"4431118","Ty Hamilton","Ty","Hamilton","9","14","True","ACTIVE","1136","1136","1136","169.99","16.22306793",,,,"8|11|15|20|21"
"4042119","Richie Grant","Richie","Grant","13","0","True","ACTIVE","2063","2058","2058","170.0",,,,,"13|14|15|20|21"
"3116407","Mason Rudolph","Mason","Rudolph","1","23","True","ACTIVE","1375","1375","1375","169.98","0.0",,,,"0|7|20|21"
"3116406","Tyreek Hill","Tyreek","Hill","3","0","True","QUESTIONABLE","1900","1900","1900","169.77",,,,,"3|4|5|23|7|20|21"
"3128685","Armon Watts","Armon","Watts","9","0","True","ACTIVE","1875","1875","1875","170.0",,,,,"8|11|15|20|21"
"3124587","Jahlani Tavai","Jahlani","Tavai","11","30","True","ACTIVE","668","668","668","170.18","62.2223762",,,,"10|15|20|21"
"4361496","Matt Araiza","Matt","Araiza","7","12","True","ACTIVE","542","542","542","171.4","229.10073693",,,,"18|20|21"
"4431142","Jimmy Holiday","Jimmy","Holiday","3","12","True","ACTIVE","1610","1624","1624","170.0",,,,,"3|4|5|23|7|20|21"
"4361510","Cameron Thomas","Cameron","Thomas","10","1","True","ACTIVE","919","919","919","170.01","49.36777955",,,,"9|11|15|20|21"
"4775196","Tommy Mellott","Tommy","Mellott","3","0","True","ACTIVE","2490","2488","2488","169.95",,,,,"3|4|5|23|7|20|21"
"4570410","Jalen Graham","Jalen","Graham","11","25","True","ACTIVE","2270","2265","2265","170.0",,,,,"10|15|20|21"
"4361508","Keshawn Banks","Keshawn","Banks","10","1","True","ACTIVE","2320","2315","2315","170.02",,,,,"9|11|15|20|21"
"4570409","David Bell","David","Bell","3","5","True",,"2135","2130","2130","170.0",,,,,"3|4|5|23|7|20|21"
"3046779","Jared Goff","Jared","Goff","1","8","True","ACTIVE","171","171","100","137.23","326.63496714","543.9998855","371.308833","4216.076737","0|7|20|21"
"4685092","Ryan Watts","Ryan","Watts","13","0","True","ACTIVE","2376","2371","2371","170.0",,,,,"13|14|15|20|21"
"5082424","Dominic Zvada","Dominic","Zvada","5","19","True","ACTIVE","491","491","491","169.87","154.65179097",,,,"25|17|20|21"
"4603186","Jack Bech","Jack","Bech","3","13","True","ACTIVE","372","372","398","170.29","80.28648948",,,,"3|4|5|23|7|20|21"
"4361516","Daniel Bellinger","Daniel","Bellinger","4","10","True","ACTIVE","1084","1084","1084","169.98","38.13580486",,,,"5|6|23|7|20|21"
"4431147","Cam Horsley","Cam","Horsley","9","22","True","ACTIVE","2565","2551","2551","170.0",,,,,"8|11|15|20|21"
"4373809","Jevon Holland","Jevon","Holland","13","19","True","ACTIVE","724","724","724","170.34","106.26394807",,,,"13|14|15|20|21"
"4373814","Kahlef Hailassie","Kahlef","Hailassie","12","16","True","ACTIVE","2316","2310","2310","170.0",,,,,"12|14|15|20|21"
"3120464","John Franklin-Myers","John","Franklin-Myers","10","10","True","ACTIVE","744","744","744","170.14","74.69701006",,,,"9|11|15|20|21"
"3116367","Curtis Bolton III","Curtis","Bolton III","11","0","True","ACTIVE","2205","2201","2201","170.0",,,,,"10|15|20|21"
"4361529","Isiah Pacheco","Isiah","Pacheco","2","8","True","QUESTIONABLE","200","202","220","163.86","129.77206092",,,,"2|3|23|7|20|21"
"4603189","Sai'vion Jones","Sai'vion","Jones","9","7","True","ACTIVE","1337","1337","1337","169.97","3.153664",,,,"8|11|15|20|21"
"4685110","Anthony Smith","Anthony","Smith","3","6","True","ACTIVE","1648","1647","1647","170.0",,,,,"25|3|4|5|23|7|20|21"
"3116365","Mark Andrews","Mark","Andrews","4","33","True","ACTIVE","134","135","152","121.16","230.25234231",,,,"5|6|23|7|20|21"
"4365629","Daniel Hardy","Daniel","Hardy","10","3","True","ACTIVE","1319","1319","1319","170.0","4.71008953",,,,"9|11|15|20|21"
"4427068","MJ Devonshire Jr.","MJ","Devonshire Jr.","12","9","True","ACTIVE","2412","2407","2407","170.0",,,,,"12|14|15|20|21"
"4709695","Karson Sharar","Karson","Sharar","11","22","True","ACTIVE","2587","2594","2594","169.96",,,,,"25|10|15|20|21"
"4889929","Quinn Ewers","Quinn","Ewers","1","15","True","ACTIVE","1293","1293","1293","169.96","8.43979332","22.3586114","14.0653302","153.157537","0|7|20|21"
"2514270","Jordan Hicks","Jordan","Hicks","11","5","True",,"1835","1835","1835","170.0",,,,,"10|15|20|21"
"3116389","Samaje Perine","Samaje","Perine","2","4","True","ACTIVE","321","321","321","170.99","141.20708",,,,"2|3|23|7|20|21"
"3050851","Kamu Grugier-Hill","Kamu","Grugier-Hill","11","0","True","ACTIVE","1717","1717","1717","170.0",,,,,"10|15|20|21"
"4250945","Colton Dowell","Colton","Dowell","3","0","True","ACTIVE","2279","2274","2274","169.99",,,,,"3|4|5|23|7|20|21"
"3116385","Joe Mixon","Joe","Mixon","2","0","True","QUESTIONABLE","1899","1899","1899","169.96",,,,,"2|3|23|7|20|21"
"4685126","Cody Lindenberg","Cody","Lindenberg","11","13","True","ACTIVE","2499","2497","2497","170.0",,,,,"10|15|20|21"
